reported_task_name,task_name,task_uuid,container_checksum,problem_type,split_regime,dataset_rows,raw_features,classes,target_column,reported_train_rows,reported_features,official_fold_count,official_split_file_sha256
bad_customer_detection,bad_customer_detection,019d7366-8875-7ee1-8f3b-5ad96bdd2324,326eb411c9fda6cda3e0f8342d25954b2b1127180b7f4c32a9ba44720810d8e3,binary_classification,IID,1723,13,2,bad_customer,1148,13,30,8e05cdfc5686e53c6010178f876748a3ee711534a858797eafd90a785a683485
bank_customer_churn,bank_customer_churn,019d7366-99cc-77cc-8d41-5c3ccc8eff96,fe5ce0c5d0db8383357ccf88654860024fe54add17f1619a7649a735f99a6e9b,binary_classification,IID,10000,10,2,churn,6666,10,9,93fa42046376000fb6085028d98e29b0354b0ebc83dc1de7a9b8e2f79223cc3f
blood_transfusion,blood_transfusion,019d7366-d9d0-777d-b0ae-e7a5175f7f09,659ec22f57d94babb699a6026b0d24ca82b3dfeb7c0f5139aa9fc4d249b0d6dc,binary_classification,IID,748,4,2,DonatedBloodInMarch2007,498,4,60,b7af4aafce6116d1accf27ab815dc2da661c9e9fca044d8060c7de11a389d4c8
churn,churn,019d7366-eb2d-72f9-9998-72dfc5b6cc79,03a2384041c04e08d51e4a25a2ec6b4e9208b8224d63b920e5231fd618f32124,binary_classification,IID,5000,19,2,CustomerChurned,3333,19,9,46610111437b563dee9e7615834fdea690511583af92ec08a08de377e8847cec
credit_approval,credit_approval,019d736a-a27c-7c85-90c5-ca1d5dc849bd,60feab1677dfa8fc4743de39c9a2500170da1bd24c99253f6a1e22063e2f037b,binary_classification,IID,690,15,2,A16,460,15,60,12e31219cc43dfb762635681aba394d81d4f7d5cfeced01e1163ed374becb514
credit_g,credit_g,019d7367-39a7-7335-8448-2dc9b2872361,6ed15f6c0ebfdb6167ccb5af6f7b00b3ba764b659f9b906d38943fef3e1e8fda,binary_classification,IID,1000,20,2,good_or_bad_customer,666,20,30,b059536245e1ec156cf94e88d799762c9dd512c486fe2cbd19032f85bc5dc912
early_stage_diabetes_risk_pred,early_stage_diabetes_risk_prediction,019d736a-c5ee-7069-9b14-686535f9caa9,0e0d086501fab224d817023b04641d544be3a76be3a3fc8fdbfc5ea55cc4361a,binary_classification,IID,251,16,2,class,167,16,60,58e013a123bdb893fd69091873449b3117f7ff9637a047dd84fb50c7e23abe28
ecommerce_shipping,ecommerce_shipping,019d7367-8a04-7bf2-8ab2-68d1726cf31e,3c2d09b0b367d0e750e33ae9807a17a43f2027a2815d8e7912c129fee110cff1,binary_classification,IID,10999,10,2,ArrivedLate,7332,10,9,a9a74fadb14e06b745d510f19d53113e7cb53442875dca0b659c00e9597e01e0
fitness_club,fitness_club,019d7367-aced-7960-94c9-b19b393cb0ad,7f5580a36e6765dc8d36f7eb0012ce217ebedf2b99e7680b8fd22ea63dacf6df,binary_classification,IID,1500,6,2,attended,1000,6,30,de669a26c3f321990fadda55f9f0a749fca36c0b7cbb9f23ab30bb100de4fb52
hazelnut_spread_contaminant_de,hazelnut_spread_contaminant_detection,019d7367-e731-79fc-9677-4c5d1bab73ff,c3cf7157f60619b550d74446ef67550194a88efad3bc75076d894f051b63daac,binary_classification,IID,2400,30,2,Contaminated,1600,30,30,294c3e5ca9aeb1ce0bfb0e1593726dcf0197173d14d61519d5983c4de2619ff8
heart_disease_cleveland,heart_disease_cleveland,019d736b-4900-714b-8dfc-be588ce802c3,5463a119ab200aae898282e7b5edc94f67f57f188d124d03fd3acafd33a7d50e,binary_classification,IID,303,13,2,heart_disease_diagnosis,202,13,60,803fdb32dcea1ed2738eb39bd5cddf6dcc54d492df95db0c797da574d9539442
heart_disease_hungary,heart_disease_hungary,019d736b-5a1a-7c95-92f0-8c2fe5334ad2,ab64d748b6fae28f85e9f2898cec4047de2601b78f0a30495a755e6d8674dcfe,binary_classification,IID,294,13,2,heart_disease_diagnosis,196,13,60,cb1030960046b4a93127026865682b7c5381b3ecfe0e588740e8c44b8cf30317
heart_disease_va_long_beach,heart_disease_va_long_beach,019d736b-7c92-71e1-a6d6-27a91ed15d3d,092886de969ba9aafbb4c145213dea47ba41c24ba15e8806b7e6f98580d8992b,binary_classification,IID,200,13,2,heart_disease_diagnosis,133,13,60,71df8991ec12318aa7435620077b754723edd536c3af2b49741592c98d8d55e4
heart_failure_followup_surviva,heart_failure_followup_survival,019d736b-8d9f-7f20-8f5c-45207fb0251d,76e4766b720e9993542a3f2d378fd16e68f35ce95cf1180b74cc51247d8e9a6e,binary_classification,IID,299,12,2,DEATH_EVENT,199,12,60,81e9ab291cdb106b0d69bb970c53ad4ff81e655e66303a9b4ffa062781343b03
heloc,heloc,019d7368-0a52-7460-abf5-b78381cf69f0,f081e51f82baa69fbc26a63b67109d4125ad4412fb9d4164f7e3d48cc7a3bdf3,binary_classification,IID,10459,23,2,RiskPerformance,6972,23,9,fabdf6768fa00489b688f2ddbea20eaa35a3f9272334e5404449a4589af8c73c
hepatitis_survival_prediction,hepatitis_survival_prediction,019d736b-afda-7edf-9f73-3cd8e3799329,b8df12ee14c3f595d890e53ca3f16aa07c2ff5933b940fbe459c37c503bf93fc,binary_classification,IID,155,19,2,class,103,19,60,419afac9caafb29cdfdd041a3e83605c0bad74821186a004a12541c95dd3c04c
homeq_default_prediction,homeq_default_prediction,019d7374-cab8-700e-97f3-9c55ea980153,9fa55d3d8617da0ad8a88959ce7071d6bfdef5a46f6fd17f3cb0b5da3dc8c2da,binary_classification,IID,5708,12,2,DefaultStatus,3805,12,9,73270e92392ed601033326fb5c864db42f1dd568d86bf11bbfd7ee18a7c8e0f8
indian_liver_patient_dataset,indian_liver_patient_dataset,019d736d-ec03-75de-b8e9-075fcdde7993,bee5f1602553173595cf4a450b5cd310b261a7f7a2dcb9a273d9aeeec31dbcef,binary_classification,IID,583,10,2,Selector,388,10,60,a44b528cca7f4942d8bba04401f5fad42570a3dc2d8eb113bf2e4aedfa72f657
iranian_churn,iranian_churn,019d7374-7b3c-7eed-940f-e8ac3c68e2f4,57294dab2ff99b04e9dbc674e0b0cc20553264650309a14635c97f3b63e26170,binary_classification,IID,2850,13,2,Churn,1900,13,30,ab15a00f7f7679aef7281d16f3673cf6cf9d6cbd0aef52028d4ce0dfa1dea04b
jm1,jm1,019d7368-7f0b-74da-a01f-3c5e7dd31dab,db399e9e2b000d455d534f56af25b981bd0c552c252b4f3bb75ccb912277090e,binary_classification,IID,10885,21,2,defects,7256,21,9,2a6df8b3073562bbdfcfa826a9982b93c4f74a59e869f9b2ca87b4f71b6f6b23
ljubljana_breast_cancer,ljubljana_breast_cancer,019d736e-6ea7-7889-b0ff-20fbdd628b8a,08fe3459adebc57a28edf994b89f4726dabd3efef9dd31222af6d9f40e28dd3c,binary_classification,IID,286,9,2,Class,190,9,60,6ab2e6b307b61ff04557f067042f2f76c52bfcc33237799fb0a80f496af37bef
marketing_campaign,marketing_campaign,019d7441-e83d-7bb2-bed5-7eb8a1ad36f6,1f7c1ddb7fbd8f291feeeb6ff2501b9928fcab050536a6535636368e7696fb5a,binary_classification,IID,2240,25,2,Response,1493,25,30,7c5ea0d3fac92b54aaa9c5e8b17af79a6b85e3d96d324bba7ec8739568b3518a
seismic_bumps,seismic_bumps,019d7369-a6b4-7060-a145-dc996b59cf1b,57508e48463fb8793ce2785c8c7ef5b0a00a5506d885953a2bd29000211a1a51,binary_classification,IID,2584,15,2,HighEnergySeismicBump,1722,15,30,29674e6ac6de136a6f5a39fc974ef34e3c2de96af116fb5704277ce8c90d408d
south_africa_coronary_heart_di,south_africa_coronary_heart_disease,019d7373-f750-7ecd-8cda-f16d5d36be62,f930a9d8ada325645c1f896f08b05b562e0083989c250c1ab2ca983eac4426a5,binary_classification,IID,462,9,2,chd,308,9,60,b29aa2bfd3fbfed0cee090ba40f702aed6aae2deaa0223094352c09e99b35fd4
thyroid_discordant,thyroid_discordant,019d7374-1c19-79e6-986d-2afd2c16101e,c0e37f1c59e2b4cd11b5d0fbdd7e4221c8ea66f507b22094783ebb4bd3fa5be8,binary_classification,IID,3711,26,2,discordant,2474,26,30,aa4c3b8eb79097f1491e93da97f60d4fa85862e2d1ae47bd125e3a2dd31d8728
tour_travels_churn,tour_travels_churn,019d7374-2df2-7b85-94a6-3ec9d1796737,7726bf53e96d419ba88d5fbecf141343844954aea329f2e233e035c8cc9182bd,binary_classification,IID,954,6,2,Target,636,6,30,9260719bc961a145d52e62c2b9bf9f7979ed5c7f3ab3ddef9b22d70363644893
parkinsons_biomedical_voice_me,parkinsons_biomedical_voice_measurements,019d738d-db39-7b5b-83dc-664e66da1854,9a2a2addf01b47887cb1433ba961e1ff0da328c45f654c78c97c212dc90e7d22,binary_classification,G,195,24,2,status,127,23,60,aa5c216546b45a53fc041d1ac59522313d21bc33a446e5851e2d1f3e5aa5aa57
biomechanical_orthopaedic_pred,biomechanical_orthopaedic_prediction,019d736a-4c2d-74b6-95a3-c63bd4b8fff7,0c1f76d5ec8523298259f6103826fbbd2a1f45ba381fd812ef3a20d43484e6fb,multiclass_classification,IID,310,6,3,class,206,6,60,6bcdec910a21299844fbdbf9d912ad44312eeef8373a04f442f1f3f4f1a7f3dd
ecoli_proteins,ecoli_proteins,019d736a-d6d2-7e28-aeff-7da6b7126b9d,272ebbab6aef1d4bc10e7933f9f47533d0314b5a34dc15c7b0d60cbd1d607465,multiclass_classification,IID,327,6,5,class,218,6,60,6141af560bde4e4c7c911bbf7ee171613dcd0cfee60818e100c351d7eeddb685
hepatitis_c_prediction,hepatitis_c_prediction,019d736b-9eba-79b8-8c5a-78d95163e286,e11dcaf75c92ab418d20b497d957818a4b060aeec6858982c48275b01f52eac2,multiclass_classification,IID,608,12,4,Category,405,12,60,9b3b8146e7be554652a5a91dbdd16823be6700b44eaee35a4e0aa6aff7cb4fd2
horse_colic_survival,horse_colic_survival,019d736d-db15-7ad1-b407-b937aa958bd9,41ed40a17048e35354072aef19c9f6c9f7961d1be719a74e77082ea3055bc6bd,multiclass_classification,IID,344,20,3,outcome,229,20,60,21e8203ec31990049614b81fc22c30895c9b44cbd96a58aca0179aba64f27db4
maternal_health_risk,maternal_health_risk,019d7368-bc0d-723e-a4f9-abfd36e085e9,4825d864de14e1384bc15d09c32f06696748b4301d005d0cd9b4f65d44e831c8,multiclass_classification,IID,1014,6,3,RiskLevel,676,6,30,62b20bd229a8a30562856caa1763b863fd14b2de1e11d8632289b12f488c7e53
website_phishing,website_phishing,019d7369-f10c-78e6-bd19-b8b0a72399fe,f14a0ca518060082d5cd89ba84522d192f73c7f357d6fc31331ef44eb0eb088a,multiclass_classification,IID,1353,9,3,WebsiteType,902,9,30,938fd92c1f1f32f4d6ac92484d08e94179f8232f7efa236f6ccf73f73f105307
cardiotocography,cardiotocography,019d7392-12c2-7a87-991c-13a7246555d4,96c5ce5e85e0079f62b22ae73af78e0d656cae8516f3219761e3ae3152bd3ce8,multiclass_classification,G,2126,23,3,NSP,1254,22,30,3c4cd829301cb3402f9a934499648dcbc5d341c2f342a41146efdf2acb4499a8
dementia_prediction,dementia_prediction,019d7391-61e5-7cca-9a66-e85718233be9,7881608b9ceed674ce7f77c02cb06bd05d9ac29c28361dbecff227c1d1d422b4,multiclass_classification,G,370,9,3,CDR,250,8,60,26658283a005f5df376b8124ba3f772728eac71ff087e12caa8117ef493ed6b0
ghanas_indigenous_intel,ghanas_indigenous_intel,019dd375-4259-77c1-a177-5acc1f4d0134,e34dda941072eae24f6824ecfc336e41d36d40acf61cc95d68b5671643803698,multiclass_classification,T,10928,10,4,rainfall,9933,10,6,18c10d8c4b8c89971d74ffda2f81548f8a31b074cc631b1368de51e52d06916c
