dataset,model,labels,predictors,roc_auc,roc_auc_std,accuracy,precision,recall,f1,specificity,auprc,cross_entropy,brier,support_positive_pct,query_positive_pct,fit_seconds_total,predict_seconds_total,folds
Amazon_employee_access,curriculum,real,9,0.48889909794530767,0.04574546637859841,0.9418951636949131,0.9418951636949131,1.0,0.970078044166303,0.0,0.9437275407559023,0.22549109592593658,0.0552950829912059,94.18945707536312,94.18951636949132,16.24309440748766,,50
Amazon_employee_access,mixed,real,9,0.41495324816731666,0.053538815997139194,0.9418951636949131,0.9418951636949131,1.0,0.970078044166303,0.0,0.9274444144821646,0.2264963138916897,0.05542121327374108,94.18945707536312,94.18951636949132,16.251897622598335,,50
Amazon_employee_access,plain,real,9,0.4157195200890571,0.053669316652112865,0.9418951636949131,0.9418951636949131,1.0,0.970078044166303,0.0,0.9321807291685831,0.22577373367000395,0.055346087740754155,94.18945707536312,94.18951636949132,16.60034743428696,,50
Bank_Customer_Churn,curriculum,real,10,0.8309868170347205,0.021965087147355643,0.8031258870534915,0.8989761904761905,0.03429145152036719,0.06538484372746217,0.9996932515337423,0.6236950751905223,0.4132864312948674,0.13011111421463056,20.36132398548506,20.361261852227322,18.179757992736995,,50
Bank_Customer_Churn,mixed,real,10,0.82524675202995,0.022355781211184707,0.7967293219631464,0.12,0.0016781411359724613,0.003305582698195557,1.0,0.6142610686860376,0.42580783176216186,0.13471555593813941,20.36132398548506,20.361261852227322,18.193305077729747,,50
Bank_Customer_Churn,plain,real,10,0.8264186627751507,0.023091300840099378,0.8061534975251954,0.9774285714285714,0.0501118760757315,0.09445161304612006,0.9994478527607362,0.6247230886852414,0.414538606977441,0.12965454084960645,20.36132398548506,20.361261852227322,18.144801142509095,,50
E-CommereShippingData,curriculum,real,10,0.7412672371410274,0.02452602633542024,0.6791500983958495,0.8791671950103214,0.5366764804282369,0.6657978748032317,0.8899539978094195,0.8545264604126284,0.54021483824515,0.18748725186127613,59.66796812434397,59.66795873337706,18.216636282973923,,50
E-CommereShippingData,mixed,real,10,0.735103167425015,0.024749819891157484,0.636955334247719,0.6757339932502096,0.7617203077952494,0.7130894563949585,0.45242132165023735,0.8497850884467159,0.5605149079731007,0.1936867590896339,59.66796812434397,59.66795873337706,18.220484668854624,,50
E-CommereShippingData,plain,real,10,0.7461383446496225,0.023549113423223772,0.6049804997316477,0.6129901293422609,0.9208775510204081,0.7350106711885978,0.13764293537787511,0.8568039419756489,0.5492830264963465,0.1920303141414814,59.66796812434397,59.66795873337706,18.169522110722028,,50
Is-this-a-good-customer,curriculum,real,13,0.6643044116960221,0.04474036594848191,0.8862453656892484,0.0,0.0,0.0,1.0,0.21465684853193084,0.3507816189307353,0.10007442057476956,11.375505061933566,11.375463431075161,13.130000641802326,,50
Is-this-a-good-customer,mixed,real,13,0.38773379131672286,0.05139498701564883,0.8862453656892484,0.0,0.0,0.0,1.0,0.09632711582780595,0.3570349946875894,0.10140642774339302,11.375505061933566,11.375463431075161,13.131622996297665,,50
Is-this-a-good-customer,plain,real,13,0.367324065969389,0.05225551561216179,0.8862453656892484,0.0,0.0,0.0,1.0,0.09778561254459603,0.35631364893809775,0.10124059796154306,11.375505061933566,11.375463431075161,13.095606688410044,,50
bank-marketing,curriculum,real,13,0.7109376801446768,0.032228044132452484,0.882812332279802,0.0,0.0,0.0,1.0,0.30216302468660655,0.34710085972715105,0.10010825468532474,11.718751047610107,11.718766772019798,22.55582508444786,,50
bank-marketing,mixed,real,13,0.677667391071456,0.02987827988683536,0.882812332279802,0.0,0.0,0.0,1.0,0.2464264920804491,0.35288073553774313,0.1014871653948024,11.718751047610107,11.718766772019798,22.55986787704751,,50
bank-marketing,plain,real,13,0.7063165419364055,0.031908134894127145,0.882812332279802,0.0,0.0,0.0,1.0,0.33129021857783675,0.3475690165630305,0.10010745187729597,11.718751047610107,11.718766772019798,22.49490257736761,,50
blood-transfusion-service-center,curriculum,real,4,0.7431743943191311,0.04260337868267403,0.7620402684563758,0.05333333333333333,0.002238095238095238,0.004243474243474243,0.999298245614035,0.5207725447168724,0.4905159396399346,0.15973672561771457,23.796740386709175,23.795973154362414,1.1901674075052142,,50
blood-transfusion-service-center,mixed,real,4,0.7404083124477862,0.042580472373728674,0.7621744966442954,0.13,0.003936507936507936,0.0076276276276276275,0.9989473684210526,0.5180338922238992,0.5008094829734496,0.16377696277338116,23.796740386709175,23.795973154362414,1.1854490486439317,,50
blood-transfusion-service-center,plain,real,4,0.7487827206906154,0.041212640928645045,0.7628429530201342,0.22,0.007301587301587301,0.014088825667773036,0.9987719298245614,0.5277848571864819,0.4978896902167144,0.1626382447278667,23.796740386709175,23.795973154362414,1.1724376361817122,,50
churn,curriculum,real,19,0.8511181805901633,0.025998840228619948,0.8583982348380941,0.0,0.0,0.0,1.0,0.5513686616532876,0.346543642535814,0.10489131068827237,14.160157515862213,14.160176516190589,32.808107244898565,,50
churn,mixed,real,19,0.8519695211397798,0.02603857126167212,0.8583982348380941,0.0,0.0,0.0,1.0,0.5516383017080286,0.3534757640693828,0.10649972336625263,14.160157515862213,14.160176516190589,32.8275946903741,,50
churn,plain,real,19,0.8575261428386429,0.026172357513415588,0.8584471345935952,0.02,0.0003448275862068965,0.0006779661016949153,1.0,0.5783071552517276,0.3413446845125345,0.10242382437342946,14.160157515862213,14.160176516190589,32.72991282178555,,50
credit-g,curriculum,real,20,0.7643214285714285,0.030487674073247935,0.7,0.7,1.0,0.8235294117647058,0.0,0.8830591762433536,0.5732769552967759,0.19436227087955113,70.0,70.0,6.35926537506748,,50
credit-g,mixed,real,20,0.7555690476190476,0.028039976391616137,0.7,0.7,1.0,0.8235294117647058,0.0,0.879355418477443,0.5712206028157572,0.19402869060137143,70.0,70.0,6.368075989885256,,50
credit-g,plain,real,20,0.7684285714285715,0.03080094899472138,0.7,0.7,1.0,0.8235294117647058,0.0,0.8837887970227324,0.5705710125916295,0.1935762944831273,70.0,70.0,6.191893840790726,,50
credit_card_clients_default,curriculum,real,23,0.7647797796073658,0.028424293026803677,0.7781261852227324,0.2531904761904762,0.007294261294261295,0.013944287279544472,0.99705329153605,0.5245779190376557,0.4662469545025192,0.14885202258018304,22.11913366275782,22.119029160951754,38.85530066490173,,50
credit_card_clients_default,mixed,real,23,0.7529532842636292,0.026146013429335223,0.7784193452203471,0.23399999999999999,0.006852258852258852,0.013174080952091565,0.9975548589341693,0.5207830579025806,0.4735186707480534,0.1516461714853516,22.11913366275782,22.119029160951754,38.87557343498338,,50
credit_card_clients_default,plain,real,23,0.7599676377262584,0.02944879095287502,0.7817390422803983,0.6350108225108225,0.032244200244200244,0.06009312717693589,0.9946081504702193,0.5293991566864391,0.46956432187173247,0.14960889095162644,22.11913366275782,22.119029160951754,38.79171675723046,,50
diabetes,curriculum,real,8,0.8343030747728861,0.03589961798238268,0.7606765130294542,0.7367503268379062,0.49899371069182386,0.5913371981935662,0.9009999999999999,0.7185304109325509,0.4966536045113814,0.16358546232778604,34.895791954662215,34.89517018928783,1.950211641844362,,50
diabetes,mixed,real,8,0.8340043326345213,0.03563282428164969,0.761588999236058,0.7529303681810634,0.48221523410202655,0.5835351132307807,0.9114,0.7137187911069814,0.5074428906533744,0.16728412810536086,34.895791954662215,34.89517018928783,1.9673970389412716,,50
diabetes,plain,real,8,0.8372436757512228,0.03547857670903671,0.7556064850182497,0.7641773048776801,0.44270440251572324,0.5562095173758724,0.9234,0.7254663229410819,0.5007043840410237,0.16466324633150237,34.895791954662215,34.89517018928783,1.8595267108175904,,50
hazelnut-spread-contaminant-detection,curriculum,real,30,0.8939758733713592,0.013416556727700662,0.811914127258632,0.7770609151209277,0.8755877570540411,0.8231772262536131,0.7482501195600192,0.8806244382652441,0.4303711872572686,0.1362112388362265,50.0,50.0,49.75361677526962,,50
hazelnut-spread-contaminant-detection,mixed,real,30,0.8990783823821021,0.012806324478834941,0.8119623114079552,0.7772565479663714,0.8754901960784314,0.8231996411024738,0.7484442850310856,0.8866174967869986,0.4307109560698752,0.1358340177995367,50.0,50.0,49.82679701666348,,50
hazelnut-spread-contaminant-detection,plain,real,30,0.9048350958229812,0.011880827776274172,0.8217289045262091,0.7980172912922983,0.862207556193209,0.8286444247231869,0.7812558584409374,0.8943679268292432,0.4132128392067556,0.12946198801777034,50.0,50.0,49.75315720529761,,50
heloc,curriculum,real,23,0.766028828546232,0.020532309265437997,0.7025395670582623,0.7072750138383812,0.6464735740450025,0.6749464038616884,0.753891448378746,0.749258768517519,0.6152725344800064,0.21207507845265167,47.80273417857311,47.80273123024629,38.82605477492325,,50
heloc,mixed,real,23,0.7655348851177657,0.021150595157602172,0.697656866837617,0.7215922625507473,0.6003035060177918,0.654773562560841,0.7868154095915054,0.7467825746713609,0.6237381228460142,0.21599373743832706,47.80273417857311,47.80273123024629,38.850016424199566,,50
heloc,plain,real,23,0.7665497296538121,0.021376624262302576,0.6987829924265013,0.7368207665224117,0.5776389324960753,0.6469549280753256,0.8097402483436444,0.7500817353990804,0.6245323379835103,0.21645415335323254,47.80273417857311,47.80273123024629,38.77975720807444,,50
in_vehicle_coupon_recommendation,curriculum,real,24,0.5938408516831144,0.02501739108591978,0.5680667899099529,0.5682595047015458,0.9991412609146072,0.7244746466335883,0.0004519774011299435,0.6572274630121333,0.6852476986246154,0.24605678576796783,56.8359381111059,56.83594728367821,40.35395207023248,,50
in_vehicle_coupon_recommendation,mixed,real,24,0.4815783550551811,0.021760303868760062,0.5683594728367821,0.5683594728367821,1.0,0.7247818334703999,0.0,0.5608150557568043,0.6845911917798534,0.245732291809785,56.8359381111059,56.83594728367821,40.371098831878044,,50
in_vehicle_coupon_recommendation,plain,real,24,0.5503346767061327,0.02520357811933376,0.5683594728367821,0.5683594728367821,1.0,0.7247818334703999,0.0,0.6038604989033914,0.6828645317688996,0.24488634710565113,56.8359381111059,56.83594728367821,40.300651286612265,,50
online_shoppers_intention,curriculum,real,17,0.8942672708964785,0.021454288150731915,0.8750991710895104,0.7428103864597534,0.3066517857142857,0.42932895717045905,0.9792007462810881,0.6250860265400595,0.2983376638462676,0.0900423457261056,15.478511048980847,15.47844236388574,29.754844153299928,,50
online_shoppers_intention,mixed,real,17,0.8916460556225845,0.0221605098435872,0.8755866181644701,0.7523336190480105,0.3047519841269841,0.4277031269904845,0.9801254351918176,0.6294039747100318,0.30042153996601156,0.08981929338270221,15.478511048980847,15.47844236388574,29.7818733897293,,50
online_shoppers_intention,plain,real,17,0.8937925592775743,0.02163463275272248,0.8771011986403482,0.747134720256594,0.3176984126984127,0.44186405568285486,0.9795472339291367,0.6343300122892342,0.2949197790714208,0.08782870699252429,15.478511048980847,15.47844236388574,29.668710470898077,,50
seismic-bumps,curriculum,real,15,0.7578364270521802,0.035253179923832985,0.9340819369073887,0.0,0.0,0.0,1.0,0.1954724318361798,0.22863390763974156,0.05914593294542726,6.591797464280686,6.591806309261138,25.630055514047854,,50
seismic-bumps,mixed,real,15,0.752632048203385,0.034275069589290066,0.9340819369073887,0.0,0.0,0.0,1.0,0.18551976642522816,0.2325733238458238,0.05976727760998576,6.591797464280686,6.591806309261138,25.68718902382534,,50
seismic-bumps,plain,real,15,0.7507474390306262,0.035976743919780126,0.9340819369073887,0.0,0.0,0.0,1.0,0.1868432989830266,0.23246919816879721,0.05980625716302188,6.591797464280686,6.591806309261138,25.542283836752176,,50
