source,dataset,layer_index,layer_fraction,raw_variance,scale_free_variance,effective_rank
synthetic,ambiguous[0],0,0.0,0.001245548715814948,0.0012437331024557352,1.1919785737991333
synthetic,ambiguous[0],1,0.2,0.0026997067034244537,0.0026871641166508198,1.7017892599105835
synthetic,ambiguous[0],2,0.4,0.0029590087942779064,0.0030165899079293013,2.076711416244507
synthetic,ambiguous[0],3,0.6,0.017107829451560974,0.017281536012887955,4.189627647399902
synthetic,ambiguous[0],4,0.8,0.027190109714865685,0.02784666232764721,2.7886719703674316
synthetic,ambiguous[0],5,1.0,0.08995034545660019,0.08602307736873627,2.03143048286438
synthetic,ambiguous[1],0,0.0,0.0013430616818368435,0.001344503602012992,1.9223865270614624
synthetic,ambiguous[1],1,0.2,0.0012101340107619762,0.00120631349273026,2.2101166248321533
synthetic,ambiguous[1],2,0.4,0.0015578328166157007,0.001585779245942831,3.163407325744629
synthetic,ambiguous[1],3,0.6,0.010409187525510788,0.010487659834325314,4.0156049728393555
synthetic,ambiguous[1],4,0.8,0.029427476227283478,0.030048947781324387,2.4342896938323975
synthetic,ambiguous[1],5,1.0,0.08469822257757187,0.08103028684854507,2.456542491912842
synthetic,ambiguous[2],0,0.0,0.0013626603176817298,0.001360634109005332,1.5714963674545288
synthetic,ambiguous[2],1,0.2,0.0019693351350724697,0.0019616561476141214,1.5816001892089844
synthetic,ambiguous[2],2,0.4,0.00227375328540802,0.0023143000435084105,2.6946065425872803
synthetic,ambiguous[2],3,0.6,0.012999426573514938,0.01310060452669859,4.902545928955078
synthetic,ambiguous[2],4,0.8,0.021887650713324547,0.022376667708158493,3.3506267070770264
synthetic,ambiguous[2],5,1.0,0.06466662883758545,0.061968907713890076,2.503185272216797
synthetic,ambiguous[3],0,0.0,0.0020137287210673094,0.002009984105825424,1.317339539527893
synthetic,ambiguous[3],1,0.2,0.0035305703058838844,0.00351509521715343,1.478764533996582
synthetic,ambiguous[3],2,0.4,0.004087171517312527,0.004162550438195467,1.7616899013519287
synthetic,ambiguous[3],3,0.6,0.0213033314794302,0.02150169387459755,4.043612957000732
synthetic,ambiguous[3],4,0.8,0.029782479628920555,0.030514812096953392,2.78340220451355
synthetic,ambiguous[3],5,1.0,0.0777643620967865,0.07458271086215973,2.055177688598633
synthetic,ambiguous[4],0,0.0,0.00040884222835302353,0.0004100809746887535,1.8523595333099365
synthetic,ambiguous[4],1,0.2,0.000491565908305347,0.0004903203225694597,3.198826551437378
synthetic,ambiguous[4],2,0.4,0.0006600140477530658,0.0006715042400173843,3.683837890625
synthetic,ambiguous[4],3,0.6,0.0073726302944123745,0.007418881170451641,3.129077911376953
synthetic,ambiguous[4],4,0.8,0.02760835736989975,0.028160765767097473,1.9749468564987183
synthetic,ambiguous[4],5,1.0,0.08180616796016693,0.07838824391365051,2.008871078491211
synthetic,ambiguous[5],0,0.0,0.0017643275205045938,0.0017627791967242956,1.1811957359313965
synthetic,ambiguous[5],1,0.2,0.003099407535046339,0.00308649567887187,1.7960095405578613
synthetic,ambiguous[5],2,0.4,0.0026808343827724457,0.0027328801807016134,2.0989112854003906
synthetic,ambiguous[5],3,0.6,0.015122722834348679,0.015239673666656017,4.08258056640625
synthetic,ambiguous[5],4,0.8,0.021825935691595078,0.022315047681331635,3.244889736175537
synthetic,ambiguous[5],5,1.0,0.06465423107147217,0.061880625784397125,2.435840368270874
synthetic,ambiguous[6],0,0.0,0.0011554788798093796,0.0011536342790350318,1.2091178894042969
synthetic,ambiguous[6],1,0.2,0.002425731625407934,0.002414809074252844,1.5799654722213745
synthetic,ambiguous[6],2,0.4,0.0028474372811615467,0.0029006905388087034,1.8119935989379883
synthetic,ambiguous[6],3,0.6,0.01730373688042164,0.017480315640568733,4.175327301025391
synthetic,ambiguous[6],4,0.8,0.027591541409492493,0.02829589694738388,2.7744498252868652
synthetic,ambiguous[6],5,1.0,0.07686593383550644,0.07361631840467453,2.1459543704986572
synthetic,ambiguous[7],0,0.0,0.001473660347983241,0.0014710286632180214,1.2888294458389282
synthetic,ambiguous[7],1,0.2,0.0030953704845160246,0.003082145005464554,1.5797185897827148
synthetic,ambiguous[7],2,0.4,0.0037170860450714827,0.0037875925190746784,2.4744033813476562
synthetic,ambiguous[7],3,0.6,0.017489522695541382,0.017658043652772903,3.820624351501465
synthetic,ambiguous[7],4,0.8,0.029225897043943405,0.029993385076522827,2.378957509994507
synthetic,ambiguous[7],5,1.0,0.08472516387701035,0.08081803470849991,2.229309558868408
synthetic,ambiguous[8],0,0.0,0.001716838451102376,0.0017143809236586094,1.1295770406723022
synthetic,ambiguous[8],1,0.2,0.003628944745287299,0.003612163010984659,1.3449981212615967
synthetic,ambiguous[8],2,0.4,0.003922625444829464,0.003995868377387524,1.6460431814193726
synthetic,ambiguous[8],3,0.6,0.01842609792947769,0.018615812063217163,4.263578414916992
synthetic,ambiguous[8],4,0.8,0.028696753084659576,0.029464062303304672,2.8216700553894043
synthetic,ambiguous[8],5,1.0,0.07435527443885803,0.0710676833987236,2.2538816928863525
synthetic,ambiguous[9],0,0.0,0.0010855356231331825,0.0010851228144019842,1.435863733291626
synthetic,ambiguous[9],1,0.2,0.0016197481891140342,0.001613445347175002,1.8394031524658203
synthetic,ambiguous[9],2,0.4,0.0017606773180887103,0.0017933070193976164,3.0711867809295654
synthetic,ambiguous[9],3,0.6,0.013930345885455608,0.014040380716323853,3.9212870597839355
synthetic,ambiguous[9],4,0.8,0.027687158435583115,0.0283185001462698,2.6312458515167236
synthetic,ambiguous[9],5,1.0,0.07406903803348541,0.07086741924285889,2.2883143424987793
synthetic,ambiguous[10],0,0.0,0.0014414421748369932,0.0014390719588845968,1.3155913352966309
synthetic,ambiguous[10],1,0.2,0.0031303996220231056,0.0031162197701632977,1.648495078086853
synthetic,ambiguous[10],2,0.4,0.003261153120547533,0.003322604577988386,1.9144864082336426
synthetic,ambiguous[10],3,0.6,0.017924657091498375,0.018106937408447266,3.635619640350342
synthetic,ambiguous[10],4,0.8,0.029054900631308556,0.029799219220876694,2.5234763622283936
synthetic,ambiguous[10],5,1.0,0.07890881597995758,0.0755123421549797,2.1327168941497803
synthetic,ambiguous[11],0,0.0,0.0016774715622887015,0.0016784420004114509,1.3012309074401855
synthetic,ambiguous[11],1,0.2,0.002308477647602558,0.002299200976267457,1.6054565906524658
synthetic,ambiguous[11],2,0.4,0.0023241082672029734,0.002366868779063225,2.336103677749634
synthetic,ambiguous[11],3,0.6,0.014852197840809822,0.014982085675001144,4.741015434265137
synthetic,ambiguous[11],4,0.8,0.032870177179574966,0.03362659364938736,2.34798002243042
synthetic,ambiguous[11],5,1.0,0.08407995104789734,0.08053546398878098,2.310967445373535
synthetic,ambiguous[12],0,0.0,0.0019100242061540484,0.0019068921683356166,1.1944423913955688
synthetic,ambiguous[12],1,0.2,0.004023080226033926,0.0040063392370939255,1.5156712532043457
synthetic,ambiguous[12],2,0.4,0.004191503394395113,0.004270752891898155,1.6759198904037476
synthetic,ambiguous[12],3,0.6,0.018625769764184952,0.018803555518388748,4.2281813621521
synthetic,ambiguous[12],4,0.8,0.02689763903617859,0.027590125799179077,2.937446355819702
synthetic,ambiguous[12],5,1.0,0.08206239342689514,0.078524649143219,2.065338134765625
synthetic,ambiguous[13],0,0.0,0.0008777914335951209,0.0008765042293816805,1.2627277374267578
synthetic,ambiguous[13],1,0.2,0.0018498282879590988,0.0018416217062622309,1.8492114543914795
synthetic,ambiguous[13],2,0.4,0.00237063760869205,0.002416062168776989,2.6763973236083984
synthetic,ambiguous[13],3,0.6,0.015975801274180412,0.01612382009625435,4.4019060134887695
synthetic,ambiguous[13],4,0.8,0.024713367223739624,0.02533898316323757,2.7458693981170654
synthetic,ambiguous[13],5,1.0,0.09102030098438263,0.08709993213415146,2.1461658477783203
synthetic,ambiguous[14],0,0.0,0.0020534642972052097,0.0020521599799394608,1.3030602931976318
synthetic,ambiguous[14],1,0.2,0.0032494324259459972,0.0032347827218472958,1.5282692909240723
synthetic,ambiguous[14],2,0.4,0.003243585117161274,0.003303663805127144,1.872002363204956
synthetic,ambiguous[14],3,0.6,0.01673831045627594,0.016890589147806168,4.543769836425781
synthetic,ambiguous[14],4,0.8,0.024121403694152832,0.02466285042464733,3.104038715362549
synthetic,ambiguous[14],5,1.0,0.06185811758041382,0.05931806564331055,2.861628293991089
synthetic,ambiguous[15],0,0.0,0.0018227886175736785,0.0018197689205408096,1.1161611080169678
synthetic,ambiguous[15],1,0.2,0.0035997896920889616,0.0035839565098285675,1.347503662109375
synthetic,ambiguous[15],2,0.4,0.0038782756309956312,0.003950277343392372,1.6071596145629883
synthetic,ambiguous[15],3,0.6,0.014858698472380638,0.014996367506682873,4.122391700744629
synthetic,ambiguous[15],4,0.8,0.02188638597726822,0.022454410791397095,3.2387843132019043
synthetic,ambiguous[15],5,1.0,0.05950241908431053,0.056932233273983,2.3403468132019043
synthetic,ambiguous[16],0,0.0,0.001412519603036344,0.0014102754648774862,1.1314016580581665
synthetic,ambiguous[16],1,0.2,0.002943443600088358,0.0029307762160897255,1.3462003469467163
synthetic,ambiguous[16],2,0.4,0.003533924464136362,0.0035990504547953606,1.7951278686523438
synthetic,ambiguous[16],3,0.6,0.019383549690246582,0.01957980915904045,3.756981611251831
synthetic,ambiguous[16],4,0.8,0.02818613313138485,0.028906432911753654,2.8858160972595215
synthetic,ambiguous[16],5,1.0,0.08466115593910217,0.08113071322441101,2.2446932792663574
synthetic,ambiguous[17],0,0.0,0.0016657961532473564,0.0016630413010716438,1.1452457904815674
synthetic,ambiguous[17],1,0.2,0.003162287874147296,0.0031485576182603836,1.4595297574996948
synthetic,ambiguous[17],2,0.4,0.004055895376950502,0.004131917376071215,1.9780874252319336
synthetic,ambiguous[17],3,0.6,0.019117124378681183,0.019314303994178772,4.0320143699646
synthetic,ambiguous[17],4,0.8,0.030867701396346092,0.031665872782468796,2.8377552032470703
synthetic,ambiguous[17],5,1.0,0.08521803468465805,0.08151476085186005,2.303637981414795
synthetic,ambiguous[18],0,0.0,0.0017939027165994048,0.0017956800293177366,1.334317922592163
synthetic,ambiguous[18],1,0.2,0.0020269439555704594,0.002020420040935278,1.7152066230773926
synthetic,ambiguous[18],2,0.4,0.0021699098870158195,0.002209847792983055,2.404508113861084
synthetic,ambiguous[18],3,0.6,0.014818365685641766,0.014930112287402153,3.7036778926849365
synthetic,ambiguous[18],4,0.8,0.024475714191794395,0.024966886267066002,2.840043783187866
synthetic,ambiguous[18],5,1.0,0.06533005833625793,0.06256012618541718,2.4278955459594727
synthetic,ambiguous[19],0,0.0,0.002192122396081686,0.002189263002946973,1.2143462896347046
synthetic,ambiguous[19],1,0.2,0.0033187568187713623,0.0033036284148693085,1.4512752294540405
synthetic,ambiguous[19],2,0.4,0.0035443459637463093,0.0036110016517341137,1.8071849346160889
synthetic,ambiguous[19],3,0.6,0.017434051260352135,0.017606981098651886,4.048539638519287
synthetic,ambiguous[19],4,0.8,0.03408702835440636,0.0349438413977623,2.4711289405822754
synthetic,ambiguous[19],5,1.0,0.09430941194295883,0.09019412845373154,2.0106444358825684
synthetic,identifiable[0],0,0.0,0.002066409680992365,0.002063985913991928,1.1192848682403564
synthetic,identifiable[0],1,0.2,0.003391559235751629,0.00337811466306448,1.4634202718734741
synthetic,identifiable[0],2,0.4,0.003116070292890072,0.0031753776129335165,1.864525556564331
synthetic,identifiable[0],3,0.6,0.011045786552131176,0.011137249879539013,4.614588737487793
synthetic,identifiable[0],4,0.8,0.018069205805659294,0.018469445407390594,3.391347885131836
synthetic,identifiable[0],5,1.0,0.06211505085229874,0.05945887416601181,2.449791669845581
synthetic,identifiable[1],0,0.0,0.0008733756840229034,0.0008734010625630617,1.8085861206054688
synthetic,identifiable[1],1,0.2,0.0013796713901683688,0.0013740572612732649,2.3493990898132324
synthetic,identifiable[1],2,0.4,0.001519988290965557,0.0015480242436751723,3.3354949951171875
synthetic,identifiable[1],3,0.6,0.017274878919124603,0.017418159171938896,4.079257011413574
synthetic,identifiable[1],4,0.8,0.033613309264183044,0.034383125603199005,2.678231954574585
synthetic,identifiable[1],5,1.0,0.08279736340045929,0.07932215929031372,2.4683291912078857
synthetic,identifiable[2],0,0.0,0.00195861142128706,0.0019573047757148743,1.175051212310791
synthetic,identifiable[2],1,0.2,0.0028866808861494064,0.002876139711588621,1.5643987655639648
synthetic,identifiable[2],2,0.4,0.0027432763017714024,0.0027948874048888683,2.2314341068267822
synthetic,identifiable[2],3,0.6,0.014447692781686783,0.014555881731212139,3.663681983947754
synthetic,identifiable[2],4,0.8,0.022369977086782455,0.02286330610513687,2.8627755641937256
synthetic,identifiable[2],5,1.0,0.07815678417682648,0.07491603493690491,2.3281753063201904
synthetic,identifiable[3],0,0.0,0.0021915179677307606,0.002188173122704029,1.2794629335403442
synthetic,identifiable[3],1,0.2,0.0032706165220588446,0.003256680443882942,1.518979549407959
synthetic,identifiable[3],2,0.4,0.003389911260455847,0.003452872857451439,1.7198728322982788
synthetic,identifiable[3],3,0.6,0.01616171933710575,0.016304969787597656,3.9877002239227295
synthetic,identifiable[3],4,0.8,0.02939590811729431,0.030123993754386902,2.463930606842041
synthetic,identifiable[3],5,1.0,0.0761088952422142,0.07282443344593048,2.2255609035491943
synthetic,identifiable[4],0,0.0,0.0016590568702667952,0.0016566321719437838,1.2253001928329468
synthetic,identifiable[4],1,0.2,0.0035034767352044582,0.003486796049401164,1.6288039684295654
synthetic,identifiable[4],2,0.4,0.0037160180509090424,0.0037871680688112974,1.901241660118103
synthetic,identifiable[4],3,0.6,0.01876908354461193,0.018960440531373024,4.19527530670166
synthetic,identifiable[4],4,0.8,0.031308580189943314,0.03212211653590202,2.7664542198181152
synthetic,identifiable[4],5,1.0,0.07947101444005966,0.07603169977664948,2.232150077819824
synthetic,identifiable[5],0,0.0,0.001446649432182312,0.0014442963292822242,1.231065273284912
synthetic,identifiable[5],1,0.2,0.002953964052721858,0.0029402892105281353,1.5532798767089844
synthetic,identifiable[5],2,0.4,0.003254061099141836,0.003315742127597332,1.912461519241333
synthetic,identifiable[5],3,0.6,0.01772967167198658,0.01793898455798626,4.050061225891113
synthetic,identifiable[5],4,0.8,0.029287807643413544,0.030071627348661423,2.791625738143921
synthetic,identifiable[5],5,1.0,0.08235782384872437,0.0785144791007042,2.4534339904785156
synthetic,identifiable[6],0,0.0,0.0012747356668114662,0.0012726554414257407,1.137367606163025
synthetic,identifiable[6],1,0.2,0.0028349976055324078,0.0028226040303707123,1.3811143636703491
synthetic,identifiable[6],2,0.4,0.003205072833225131,0.003263590857386589,1.7455699443817139
synthetic,identifiable[6],3,0.6,0.019840404391288757,0.02003364823758602,3.7936482429504395
synthetic,identifiable[6],4,0.8,0.02598104439675808,0.02665211260318756,3.0246286392211914
synthetic,identifiable[6],5,1.0,0.07578814029693604,0.07264116406440735,2.1250176429748535
synthetic,identifiable[7],0,0.0,0.002073846757411957,0.002070267219096422,1.0768272876739502
synthetic,identifiable[7],1,0.2,0.003827224252745509,0.0038101894315332174,1.2980964183807373
synthetic,identifiable[7],2,0.4,0.004143945872783661,0.004220136906951666,1.5310015678405762
synthetic,identifiable[7],3,0.6,0.017420180141925812,0.01760096661746502,3.8368687629699707
synthetic,identifiable[7],4,0.8,0.02447916939854622,0.025090426206588745,3.4561171531677246
synthetic,identifiable[7],5,1.0,0.08646991103887558,0.08273564279079437,2.2931199073791504
synthetic,identifiable[8],0,0.0,0.0019287839531898499,0.0019272323697805405,1.312307357788086
synthetic,identifiable[8],1,0.2,0.002900182968005538,0.0028898357413709164,1.6191861629486084
synthetic,identifiable[8],2,0.4,0.002820524387061596,0.0028728782199323177,2.1794426441192627
synthetic,identifiable[8],3,0.6,0.014689227566123009,0.014794979244470596,4.101907253265381
synthetic,identifiable[8],4,0.8,0.025489602237939835,0.02603406272828579,2.6671314239501953
synthetic,identifiable[8],5,1.0,0.08688708394765854,0.0832982212305069,2.0268893241882324
synthetic,identifiable[9],0,0.0,0.0016870790859684348,0.0016842454206198454,1.151663064956665
synthetic,identifiable[9],1,0.2,0.0037667935248464346,0.003749710973352194,1.4114941358566284
synthetic,identifiable[9],2,0.4,0.0042468588799238205,0.004324192646890879,1.7409499883651733
synthetic,identifiable[9],3,0.6,0.021722158417105675,0.021947696805000305,3.5770297050476074
synthetic,identifiable[9],4,0.8,0.032598040997982025,0.03342043235898018,2.5219032764434814
synthetic,identifiable[9],5,1.0,0.09818179905414581,0.09397303313016891,2.0560176372528076
synthetic,identifiable[10],0,0.0,0.0013799886219203472,0.0013775245752185583,1.1330775022506714
synthetic,identifiable[10],1,0.2,0.0028891656547784805,0.002877181163057685,1.4260281324386597
synthetic,identifiable[10],2,0.4,0.0031589381396770477,0.003218600293621421,1.7427772283554077
synthetic,identifiable[10],3,0.6,0.016572263091802597,0.016731727868318558,3.8830039501190186
synthetic,identifiable[10],4,0.8,0.02422114461660385,0.024847064167261124,3.060274124145508
synthetic,identifiable[10],5,1.0,0.07735111564397812,0.07406694442033768,2.005101203918457
synthetic,identifiable[11],0,0.0,0.0018814979121088982,0.0018815032672137022,1.2091141939163208
synthetic,identifiable[11],1,0.2,0.00258615636266768,0.0025766135659068823,1.5887794494628906
synthetic,identifiable[11],2,0.4,0.0021402803249657154,0.002180399838835001,2.087247610092163
synthetic,identifiable[11],3,0.6,0.012268307618796825,0.012364777736365795,3.9174795150756836
synthetic,identifiable[11],4,0.8,0.022722339257597923,0.023226801306009293,2.629558801651001
synthetic,identifiable[11],5,1.0,0.06479035317897797,0.062045805156230927,2.3374319076538086
synthetic,identifiable[12],0,0.0,0.002322640037164092,0.002318547572940588,1.120798945426941
synthetic,identifiable[12],1,0.2,0.004743798635900021,0.004723227117210627,1.266031265258789
synthetic,identifiable[12],2,0.4,0.004933795891702175,0.005023426841944456,1.5014493465423584
synthetic,identifiable[12],3,0.6,0.0159005057066679,0.016059694811701775,4.148078918457031
synthetic,identifiable[12],4,0.8,0.024876214563846588,0.025470752269029617,2.783339500427246
synthetic,identifiable[12],5,1.0,0.08431129902601242,0.08074796199798584,2.0053749084472656
synthetic,identifiable[13],0,0.0,0.0017285514622926712,0.0017284525092691183,1.3901946544647217
synthetic,identifiable[13],1,0.2,0.0023848633281886578,0.002374714706093073,1.7215970754623413
synthetic,identifiable[13],2,0.4,0.0024006154853850603,0.0024452656507492065,2.2576119899749756
synthetic,identifiable[13],3,0.6,0.01381225697696209,0.013931399211287498,4.507490158081055
synthetic,identifiable[13],4,0.8,0.028866520151495934,0.029561825096607208,2.7249011993408203
synthetic,identifiable[13],5,1.0,0.07538214325904846,0.07217854261398315,2.2344155311584473
synthetic,identifiable[14],0,0.0,0.0013468278339132667,0.001344546559266746,1.1550788879394531
synthetic,identifiable[14],1,0.2,0.0027846263255923986,0.0027724248357117176,1.449076533317566
synthetic,identifiable[14],2,0.4,0.0033856674563139677,0.003448349190875888,1.830977201461792
synthetic,identifiable[14],3,0.6,0.017769884318113327,0.017941119149327278,3.724123954772949
synthetic,identifiable[14],4,0.8,0.029636099934577942,0.03038877807557583,2.5944480895996094
synthetic,identifiable[14],5,1.0,0.08490195125341415,0.08128708600997925,2.058866262435913
synthetic,identifiable[15],0,0.0,0.0018893282394856215,0.0018890979699790478,1.1249518394470215
synthetic,identifiable[15],1,0.2,0.002762839198112488,0.002750684041529894,1.4618090391159058
synthetic,identifiable[15],2,0.4,0.0027597404550760984,0.002811881247907877,1.8101272583007812
synthetic,identifiable[15],3,0.6,0.013472924940288067,0.013584800064563751,4.181909561157227
synthetic,identifiable[15],4,0.8,0.02458963356912136,0.025165483355522156,2.821378231048584
synthetic,identifiable[15],5,1.0,0.07297573983669281,0.06977225840091705,2.36367130279541
synthetic,identifiable[16],0,0.0,0.001317331800237298,0.0013155032647773623,1.3023879528045654
synthetic,identifiable[16],1,0.2,0.002488924190402031,0.002477366477251053,1.7923293113708496
synthetic,identifiable[16],2,0.4,0.002756224013864994,0.0028078739996999502,2.204664468765259
synthetic,identifiable[16],3,0.6,0.017397558316588402,0.017573177814483643,4.559854030609131
synthetic,identifiable[16],4,0.8,0.027806540951132774,0.028509855270385742,2.8406758308410645
synthetic,identifiable[16],5,1.0,0.07478513568639755,0.07164617627859116,2.2650463581085205
synthetic,identifiable[17],0,0.0,0.00149905018042773,0.0014966221060603857,1.2613635063171387
synthetic,identifiable[17],1,0.2,0.0029691606760025024,0.0029557771049439907,1.5851715803146362
synthetic,identifiable[17],2,0.4,0.0032947957515716553,0.003355999942868948,1.8506593704223633
synthetic,identifiable[17],3,0.6,0.019138723611831665,0.019330669194459915,3.997727870941162
synthetic,identifiable[17],4,0.8,0.03470540791749954,0.03559127822518349,2.3866565227508545
synthetic,identifiable[17],5,1.0,0.09571196883916855,0.09156068414449692,2.0864343643188477
synthetic,identifiable[18],0,0.0,0.0022206041030585766,0.0022179665975272655,1.5781835317611694
synthetic,identifiable[18],1,0.2,0.003640705719590187,0.0036246301606297493,1.5474132299423218
synthetic,identifiable[18],2,0.4,0.0038013081066310406,0.0038722509052604437,1.8047900199890137
synthetic,identifiable[18],3,0.6,0.01688280701637268,0.017053620889782906,4.327740669250488
synthetic,identifiable[18],4,0.8,0.024196213111281395,0.02482353150844574,3.1241416931152344
synthetic,identifiable[18],5,1.0,0.07577569782733917,0.07241740077733994,2.259174108505249
synthetic,identifiable[19],0,0.0,0.001442119013518095,0.0014422362437471747,1.252467155456543
synthetic,identifiable[19],1,0.2,0.0024182209745049477,0.0024087741039693356,2.146040916442871
synthetic,identifiable[19],2,0.4,0.002399893244728446,0.0024452293291687965,2.9995009899139404
synthetic,identifiable[19],3,0.6,0.013944415375590324,0.01405278593301773,4.395083904266357
synthetic,identifiable[19],4,0.8,0.028605911880731583,0.029204923659563065,2.4596731662750244
synthetic,identifiable[19],5,1.0,0.07505479454994202,0.07176682353019714,2.3934807777404785
synthetic,noisy[0],0,0.0,0.0012740262318402529,0.0012742297258228064,1.1860990524291992
synthetic,noisy[0],1,0.2,0.0019183752592653036,0.0019115576287731528,1.9605005979537964
synthetic,noisy[0],2,0.4,0.0017310217954218388,0.0017642367165535688,2.6347622871398926
synthetic,noisy[0],3,0.6,0.010512040928006172,0.01059857290238142,4.160284042358398
synthetic,noisy[0],4,0.8,0.03122984617948532,0.03189032897353172,2.0471110343933105
synthetic,noisy[0],5,1.0,0.08550134301185608,0.08157934993505478,2.026401996612549
synthetic,noisy[1],0,0.0,0.0020937244407832623,0.002089529298245907,1.250714659690857
synthetic,noisy[1],1,0.2,0.00393600482493639,0.0039192563854157925,1.4772533178329468
synthetic,noisy[1],2,0.4,0.004339559935033321,0.004420405253767967,1.769906997680664
synthetic,noisy[1],3,0.6,0.017041929066181183,0.017209522426128387,4.331626892089844
synthetic,noisy[1],4,0.8,0.02885754406452179,0.029580509290099144,2.5109481811523438
synthetic,noisy[1],5,1.0,0.08042037487030029,0.07682245969772339,2.1277949810028076
synthetic,noisy[2],0,0.0,0.0014550394844263792,0.0014541230630129576,1.1817034482955933
synthetic,noisy[2],1,0.2,0.0022175833582878113,0.002206947188824415,1.6787545680999756
synthetic,noisy[2],2,0.4,0.002254664897918701,0.002298100385814905,2.2484185695648193
synthetic,noisy[2],3,0.6,0.01572725921869278,0.015874657779932022,3.986060857772827
synthetic,noisy[2],4,0.8,0.030434388667345047,0.031131908297538757,2.3041205406188965
synthetic,noisy[2],5,1.0,0.09228666871786118,0.0881306380033493,2.235680103302002
synthetic,noisy[3],0,0.0,0.0011748557444661856,0.0011727786622941494,1.1836854219436646
synthetic,noisy[3],1,0.2,0.002635807730257511,0.0026237014681100845,1.5409373044967651
synthetic,noisy[3],2,0.4,0.003099648980423808,0.0031561758369207382,2.1104061603546143
synthetic,noisy[3],3,0.6,0.018268270418047905,0.018449312075972557,4.020097732543945
synthetic,noisy[3],4,0.8,0.030727041885256767,0.03151845186948776,2.621269464492798
synthetic,noisy[3],5,1.0,0.08002801239490509,0.07651958614587784,2.2573657035827637
synthetic,noisy[4],0,0.0,0.0016321510775014758,0.001628897967748344,1.2086970806121826
synthetic,noisy[4],1,0.2,0.003403047099709511,0.003388405544683337,1.5610474348068237
synthetic,noisy[4],2,0.4,0.004092562012374401,0.004171284381300211,2.107433319091797
synthetic,noisy[4],3,0.6,0.01584213227033615,0.015986785292625427,4.048701286315918
synthetic,noisy[4],4,0.8,0.024891143664717674,0.025513624772429466,2.8174455165863037
synthetic,noisy[4],5,1.0,0.08232194930315018,0.07870817929506302,1.995158076286316
synthetic,noisy[5],0,0.0,0.0022616174537688494,0.002257839310914278,1.175540566444397
synthetic,noisy[5],1,0.2,0.004552966915071011,0.004533602390438318,1.3578996658325195
synthetic,noisy[5],2,0.4,0.0049558235332369804,0.0050467271357774734,1.5429199934005737
synthetic,noisy[5],3,0.6,0.018203450366854668,0.01839285157620907,4.041657447814941
synthetic,noisy[5],4,0.8,0.02997989021241665,0.030745964497327805,2.79563570022583
synthetic,noisy[5],5,1.0,0.09171771258115768,0.08742643892765045,2.2073543071746826
synthetic,noisy[6],0,0.0,0.0014434857293963432,0.001441820408217609,1.2752130031585693
synthetic,noisy[6],1,0.2,0.0025408423971384764,0.0025312798097729683,1.8686707019805908
synthetic,noisy[6],2,0.4,0.0023644978646188974,0.0024093976244330406,2.5823721885681152
synthetic,noisy[6],3,0.6,0.012804513797163963,0.012905093841254711,4.030882835388184
synthetic,noisy[6],4,0.8,0.023189609870314598,0.02370293252170086,2.549342155456543
synthetic,noisy[6],5,1.0,0.06939121335744858,0.06639529764652252,2.220207929611206
synthetic,noisy[7],0,0.0,0.0017175020184367895,0.0017164561431854963,1.1915782690048218
synthetic,noisy[7],1,0.2,0.002808324759826064,0.002796050626784563,1.7350599765777588
synthetic,noisy[7],2,0.4,0.0025706682354211807,0.0026188800111413,2.1768147945404053
synthetic,noisy[7],3,0.6,0.014354825019836426,0.014479255303740501,4.350362777709961
synthetic,noisy[7],4,0.8,0.02832733653485775,0.028940502554178238,2.3073291778564453
synthetic,noisy[7],5,1.0,0.08048686385154724,0.07697056978940964,2.1487340927124023
synthetic,noisy[8],0,0.0,0.0018166294321417809,0.0018135346472263336,1.1864570379257202
synthetic,noisy[8],1,0.2,0.0037332060746848583,0.0037168413400650024,1.5563186407089233
synthetic,noisy[8],2,0.4,0.003833528608083725,0.0039061622228473425,1.790090560913086
synthetic,noisy[8],3,0.6,0.017629260197281837,0.017792563885450363,4.032270431518555
synthetic,noisy[8],4,0.8,0.023443637415766716,0.024017905816435814,3.023390293121338
synthetic,noisy[8],5,1.0,0.07156766206026077,0.06861492991447449,2.3242063522338867
synthetic,noisy[9],0,0.0,0.0012537739239633083,0.0012515545822679996,1.3435828685760498
synthetic,noisy[9],1,0.2,0.0025163860991597176,0.002505252603441477,1.6790504455566406
synthetic,noisy[9],2,0.4,0.002831222489476204,0.0028837386053055525,2.249157190322876
synthetic,noisy[9],3,0.6,0.01739722490310669,0.01756645366549492,4.144608974456787
synthetic,noisy[9],4,0.8,0.029090886935591698,0.029796764254570007,2.6310629844665527
synthetic,noisy[9],5,1.0,0.08361738920211792,0.0800761878490448,2.167879819869995
synthetic,noisy[10],0,0.0,0.001643748371861875,0.0016407616203650832,1.1541693210601807
synthetic,noisy[10],1,0.2,0.0030176748987287283,0.003004369093105197,1.425499677658081
synthetic,noisy[10],2,0.4,0.0032624993473291397,0.0033255876041948795,1.7631957530975342
synthetic,noisy[10],3,0.6,0.016722768545150757,0.016879402101039886,4.5267109870910645
synthetic,noisy[10],4,0.8,0.029455026611685753,0.030188675969839096,2.5684375762939453
synthetic,noisy[10],5,1.0,0.08313149213790894,0.07958199083805084,2.1122350692749023
synthetic,noisy[11],0,0.0,0.0013798330910503864,0.0013778326101601124,1.1351985931396484
synthetic,noisy[11],1,0.2,0.002563678426668048,0.0025522750802338123,1.4656646251678467
synthetic,noisy[11],2,0.4,0.0029007853008806705,0.002953796647489071,1.890105128288269
synthetic,noisy[11],3,0.6,0.016087286174297333,0.016234930604696274,3.847208023071289
synthetic,noisy[11],4,0.8,0.026487618684768677,0.027135785669088364,2.417583465576172
synthetic,noisy[11],5,1.0,0.07349716871976852,0.07038576900959015,2.1541996002197266
synthetic,noisy[12],0,0.0,0.0010445655789226294,0.0010427756933495402,1.3615188598632812
synthetic,noisy[12],1,0.2,0.0023480593226850033,0.002337528858333826,1.8825572729110718
synthetic,noisy[12],2,0.4,0.002818400040268898,0.0028721638955175877,2.6711559295654297
synthetic,noisy[12],3,0.6,0.01674383133649826,0.01691126637160778,4.364167213439941
synthetic,noisy[12],4,0.8,0.030180752277374268,0.03095742128789425,2.336352825164795
synthetic,noisy[12],5,1.0,0.0911666601896286,0.08718609064817429,1.9178357124328613
synthetic,noisy[13],0,0.0,0.00085842190310359,0.0008568738121539354,1.2021831274032593
synthetic,noisy[13],1,0.2,0.0018631673883646727,0.0018554202979430556,1.6596052646636963
synthetic,noisy[13],2,0.4,0.0023445207625627518,0.0023878999054431915,2.5123651027679443
synthetic,noisy[13],3,0.6,0.018277276307344437,0.018454521894454956,3.737611770629883
synthetic,noisy[13],4,0.8,0.02680131606757641,0.0274717565625906,2.866335391998291
synthetic,noisy[13],5,1.0,0.0740177258849144,0.07096587121486664,2.384176254272461
synthetic,noisy[14],0,0.0,0.0019793265964835882,0.001977133797481656,1.2174657583236694
synthetic,noisy[14],1,0.2,0.0034261136315762997,0.0034115538001060486,1.6099265813827515
synthetic,noisy[14],2,0.4,0.003126528114080429,0.003185755107551813,1.8660815954208374
synthetic,noisy[14],3,0.6,0.013912132941186428,0.014040383510291576,4.204387664794922
synthetic,noisy[14],4,0.8,0.025781473144888878,0.026371410116553307,2.730508327484131
synthetic,noisy[14],5,1.0,0.07969629764556885,0.07628840208053589,2.223651170730591
synthetic,noisy[15],0,0.0,0.0012207924155518413,0.001218513585627079,1.2950485944747925
synthetic,noisy[15],1,0.2,0.00225480692461133,0.0022449425887316465,1.594243049621582
synthetic,noisy[15],2,0.4,0.0024874683003872633,0.0025330984499305487,2.0038745403289795
synthetic,noisy[15],3,0.6,0.01764320768415928,0.017806872725486755,3.804666519165039
synthetic,noisy[15],4,0.8,0.03289998322725296,0.03370903059840202,2.602311849594116
synthetic,noisy[15],5,1.0,0.08697547763586044,0.08323173224925995,2.145078659057617
synthetic,noisy[16],0,0.0,0.0014205302577465773,0.0014183851890265942,1.365770697593689
synthetic,noisy[16],1,0.2,0.0027261669747531414,0.002713381079956889,1.6447045803070068
synthetic,noisy[16],2,0.4,0.003125592600554228,0.003183274529874325,2.0899829864501953
synthetic,noisy[16],3,0.6,0.020976733416318893,0.021190151572227478,4.024481773376465
synthetic,noisy[16],4,0.8,0.029662959277629852,0.03037578985095024,2.5672836303710938
synthetic,noisy[16],5,1.0,0.08346690237522125,0.07992666959762573,2.3104493618011475
synthetic,noisy[17],0,0.0,0.0032566736917942762,0.0032547381706535816,1.2919515371322632
synthetic,noisy[17],1,0.2,0.0038832954596728086,0.003866966348141432,1.8200252056121826
synthetic,noisy[17],2,0.4,0.0038742893375456333,0.003944673575460911,2.436401844024658
synthetic,noisy[17],3,0.6,0.020206190645694733,0.020409077405929565,4.724343299865723
synthetic,noisy[17],4,0.8,0.028772111982107162,0.029513871297240257,2.8827061653137207
synthetic,noisy[17],5,1.0,0.07621988654136658,0.07290923595428467,2.218104124069214
synthetic,noisy[18],0,0.0,0.0014662982430309057,0.0014644600450992584,1.1929789781570435
synthetic,noisy[18],1,0.2,0.0028358125127851963,0.002821909263730049,1.704667329788208
synthetic,noisy[18],2,0.4,0.0031975058373063803,0.003259968012571335,2.1781904697418213
synthetic,noisy[18],3,0.6,0.01596880704164505,0.016135524958372116,4.105759620666504
synthetic,noisy[18],4,0.8,0.031759075820446014,0.03260624408721924,2.44256591796875
synthetic,noisy[18],5,1.0,0.09446542710065842,0.09016650915145874,2.2606699466705322
synthetic,noisy[19],0,0.0,0.0015609953552484512,0.0015579353785142303,1.1715633869171143
synthetic,noisy[19],1,0.2,0.0033401884138584137,0.0033268274273723364,1.6457796096801758
synthetic,noisy[19],2,0.4,0.003571304026991129,0.0036388845182955265,1.9527344703674316
synthetic,noisy[19],3,0.6,0.013509745709598064,0.013647760264575481,3.943999767303467
synthetic,noisy[19],4,0.8,0.03229834884405136,0.03313665837049484,2.144665241241455
synthetic,noisy[19],5,1.0,0.10429656505584717,0.09964247792959213,2.0154709815979004
