path,status,model_identity,family,size,validation_ce
/cephfs/volumes/hpc_data_usr/k23139234/e769188c-13fe-48c6-acb8-28c71b6704fe/tfm_runs/nanotabpfn_tabicl_mix_scm_prior_scale/37282331/g_z-fixed-small/seed-2402/final_checkpoint.pth,verified,seed-2402,g_z,e64-l2-h4-m256,0.8993302509188652
/cephfs/volumes/hpc_data_usr/k23139234/e769188c-13fe-48c6-acb8-28c71b6704fe/tfm_runs/nanotabpfn_tabicl_mix_scm_prior_scale/37282331/original-medium/seed-2402/final_checkpoint.pth,verified,seed-2402,canonical,e128-l4-h4-m512,0.8955639228224754
/cephfs/volumes/hpc_data_usr/k23139234/e769188c-13fe-48c6-acb8-28c71b6704fe/tfm_runs/nanotabpfn_tabicl_mix_scm_prior_scale/37282331/original-small/seed-2402/final_checkpoint.pth,verified,seed-2402,canonical,e64-l2-h4-m256,0.8742314092814922
/cephfs/volumes/hpc_data_usr/k23139234/e769188c-13fe-48c6-acb8-28c71b6704fe/tfm_runs/nanotabpfn_tabicl_mix_scm_prior_scale/37282331/r_z-curriculum-small/seed-2402/final_checkpoint.pth,verified,seed-2402,r_z,e64-l2-h4-m256,0.8908731937408447
/cephfs/volumes/hpc_data_usr/k23139234/e769188c-13fe-48c6-acb8-28c71b6704fe/tfm_runs/nanotabpfn_tabicl_mix_scm_prior_scale/37282331/r_z-fixed-medium/seed-2402/final_checkpoint.pth,verified,seed-2402,r_z,e128-l4-h4-m512,0.8777998387813568
/cephfs/volumes/hpc_data_usr/k23139234/e769188c-13fe-48c6-acb8-28c71b6704fe/tfm_runs/nanotabpfn_tabicl_mix_scm_prior_scale/37282331/r_z-fixed-small/seed-2402/final_checkpoint.pth,verified,seed-2402,r_z,e64-l2-h4-m256,0.897405993193388
/cephfs/volumes/hpc_data_usr/k23139234/e769188c-13fe-48c6-acb8-28c71b6704fe/tfm_runs/nanotabpfn_tabicl_mix_scm_prior_scale/37283915/g_z-curriculum-small/seed-2402/checkpoint-002000.pth,verified,seed-2402,g_z,e64-l2-h4-m256,0.9264494981616735
/cephfs/volumes/hpc_data_usr/k23139234/e769188c-13fe-48c6-acb8-28c71b6704fe/tfm_runs/nanotabpfn_tabicl_mix_scm_prior_scale/37283915/g_z-curriculum-small/seed-2402/checkpoint-004000.pth,verified,seed-2402,g_z,e64-l2-h4-m256,0.8792835175991058
/cephfs/volumes/hpc_data_usr/k23139234/e769188c-13fe-48c6-acb8-28c71b6704fe/tfm_runs/nanotabpfn_tabicl_mix_scm_prior_scale/37283915/g_z-curriculum-small/seed-2402/checkpoint-006000.pth,verified,seed-2402,g_z,e64-l2-h4-m256,0.8689042534679174
/cephfs/volumes/hpc_data_usr/k23139234/e769188c-13fe-48c6-acb8-28c71b6704fe/tfm_runs/nanotabpfn_tabicl_mix_scm_prior_scale/37283915/g_z-curriculum-small/seed-2402/checkpoint-008000.pth,verified,seed-2402,g_z,e64-l2-h4-m256,0.8694160934537649
/cephfs/volumes/hpc_data_usr/k23139234/e769188c-13fe-48c6-acb8-28c71b6704fe/tfm_runs/nanotabpfn_tabicl_mix_scm_prior_scale/37283915/g_z-curriculum-small/seed-2402/checkpoint-010000.pth,verified,seed-2402,g_z,e64-l2-h4-m256,0.8662175945937634
/cephfs/volumes/hpc_data_usr/k23139234/e769188c-13fe-48c6-acb8-28c71b6704fe/tfm_runs/nanotabpfn_tabicl_mix_scm_prior_scale/37283915/g_z-curriculum-small/seed-2402/final_checkpoint.pth,verified,seed-2402,g_z,e64-l2-h4-m256,0.8662175945937634
/cephfs/volumes/hpc_data_usr/k23139234/e769188c-13fe-48c6-acb8-28c71b6704fe/tfm_runs/nanotabpfn_tabicl_mix_scm_prior_scale/37283915/g_z-fixed-small/seed-2402/checkpoint-002000.pth,verified,seed-2402,g_z,e64-l2-h4-m256,0.9450852423906326
/cephfs/volumes/hpc_data_usr/k23139234/e769188c-13fe-48c6-acb8-28c71b6704fe/tfm_runs/nanotabpfn_tabicl_mix_scm_prior_scale/37283915/g_z-fixed-small/seed-2402/checkpoint-004000.pth,verified,seed-2402,g_z,e64-l2-h4-m256,0.8988500814884901
/cephfs/volumes/hpc_data_usr/k23139234/e769188c-13fe-48c6-acb8-28c71b6704fe/tfm_runs/nanotabpfn_tabicl_mix_scm_prior_scale/37283915/g_z-fixed-small/seed-2402/checkpoint-006000.pth,verified,seed-2402,g_z,e64-l2-h4-m256,0.8891855198889971
/cephfs/volumes/hpc_data_usr/k23139234/e769188c-13fe-48c6-acb8-28c71b6704fe/tfm_runs/nanotabpfn_tabicl_mix_scm_prior_scale/37283915/g_z-fixed-small/seed-2402/checkpoint-008000.pth,verified,seed-2402,g_z,e64-l2-h4-m256,0.8961015343666077
/cephfs/volumes/hpc_data_usr/k23139234/e769188c-13fe-48c6-acb8-28c71b6704fe/tfm_runs/nanotabpfn_tabicl_mix_scm_prior_scale/37283915/g_z-fixed-small/seed-2402/checkpoint-010000.pth,verified,seed-2402,g_z,e64-l2-h4-m256,0.8962447009980679
/cephfs/volumes/hpc_data_usr/k23139234/e769188c-13fe-48c6-acb8-28c71b6704fe/tfm_runs/nanotabpfn_tabicl_mix_scm_prior_scale/37283915/g_z-fixed-small/seed-2402/final_checkpoint.pth,verified,seed-2402,g_z,e64-l2-h4-m256,0.8962447009980679
/cephfs/volumes/hpc_data_usr/k23139234/e769188c-13fe-48c6-acb8-28c71b6704fe/tfm_runs/nanotabpfn_tabicl_mix_scm_prior_scale/37283915/original-small/seed-2402/checkpoint-002000.pth,verified,seed-2402,canonical,e64-l2-h4-m256,0.9260563533753157
/cephfs/volumes/hpc_data_usr/k23139234/e769188c-13fe-48c6-acb8-28c71b6704fe/tfm_runs/nanotabpfn_tabicl_mix_scm_prior_scale/37283915/original-small/seed-2402/checkpoint-004000.pth,verified,seed-2402,canonical,e64-l2-h4-m256,0.9390214011073112
/cephfs/volumes/hpc_data_usr/k23139234/e769188c-13fe-48c6-acb8-28c71b6704fe/tfm_runs/nanotabpfn_tabicl_mix_scm_prior_scale/37283915/original-small/seed-2402/checkpoint-006000.pth,verified,seed-2402,canonical,e64-l2-h4-m256,0.956939373165369
/cephfs/volumes/hpc_data_usr/k23139234/e769188c-13fe-48c6-acb8-28c71b6704fe/tfm_runs/nanotabpfn_tabicl_mix_scm_prior_scale/37283915/original-small/seed-2402/checkpoint-008000.pth,verified,seed-2402,canonical,e64-l2-h4-m256,0.9728584922850132
/cephfs/volumes/hpc_data_usr/k23139234/e769188c-13fe-48c6-acb8-28c71b6704fe/tfm_runs/nanotabpfn_tabicl_mix_scm_prior_scale/37283915/original-small/seed-2402/checkpoint-010000.pth,verified,seed-2402,canonical,e64-l2-h4-m256,0.97635093703866
/cephfs/volumes/hpc_data_usr/k23139234/e769188c-13fe-48c6-acb8-28c71b6704fe/tfm_runs/nanotabpfn_tabicl_mix_scm_prior_scale/37283915/original-small/seed-2402/final_checkpoint.pth,verified,seed-2402,canonical,e64-l2-h4-m256,0.97635093703866
/cephfs/volumes/hpc_data_usr/k23139234/e769188c-13fe-48c6-acb8-28c71b6704fe/tfm_runs/nanotabpfn_tabicl_mix_scm_prior_scale/37283915/r_z-curriculum-small/seed-2402/checkpoint-002000.pth,verified,seed-2402,r_z,e64-l2-h4-m256,0.9068755246698856
/cephfs/volumes/hpc_data_usr/k23139234/e769188c-13fe-48c6-acb8-28c71b6704fe/tfm_runs/nanotabpfn_tabicl_mix_scm_prior_scale/37283915/r_z-curriculum-small/seed-2402/checkpoint-004000.pth,verified,seed-2402,r_z,e64-l2-h4-m256,0.8876939620822668
/cephfs/volumes/hpc_data_usr/k23139234/e769188c-13fe-48c6-acb8-28c71b6704fe/tfm_runs/nanotabpfn_tabicl_mix_scm_prior_scale/37283915/r_z-curriculum-small/seed-2402/checkpoint-006000.pth,verified,seed-2402,r_z,e64-l2-h4-m256,0.8571966178715229
/cephfs/volumes/hpc_data_usr/k23139234/e769188c-13fe-48c6-acb8-28c71b6704fe/tfm_runs/nanotabpfn_tabicl_mix_scm_prior_scale/37283915/r_z-curriculum-small/seed-2402/checkpoint-008000.pth,verified,seed-2402,r_z,e64-l2-h4-m256,0.8671746142208576
/cephfs/volumes/hpc_data_usr/k23139234/e769188c-13fe-48c6-acb8-28c71b6704fe/tfm_runs/nanotabpfn_tabicl_mix_scm_prior_scale/37283915/r_z-curriculum-small/seed-2402/checkpoint-010000.pth,verified,seed-2402,r_z,e64-l2-h4-m256,0.8690218273550272
/cephfs/volumes/hpc_data_usr/k23139234/e769188c-13fe-48c6-acb8-28c71b6704fe/tfm_runs/nanotabpfn_tabicl_mix_scm_prior_scale/37283915/r_z-curriculum-small/seed-2402/final_checkpoint.pth,verified,seed-2402,r_z,e64-l2-h4-m256,0.8690218273550272
/cephfs/volumes/hpc_data_usr/k23139234/e769188c-13fe-48c6-acb8-28c71b6704fe/tfm_runs/nanotabpfn_tabicl_mix_scm_prior_scale/37283915/r_z-fixed-small/seed-2402/checkpoint-002000.pth,verified,seed-2402,r_z,e64-l2-h4-m256,0.9321469217538834
/cephfs/volumes/hpc_data_usr/k23139234/e769188c-13fe-48c6-acb8-28c71b6704fe/tfm_runs/nanotabpfn_tabicl_mix_scm_prior_scale/37283915/r_z-fixed-small/seed-2402/checkpoint-004000.pth,verified,seed-2402,r_z,e64-l2-h4-m256,0.8586429171264172
/cephfs/volumes/hpc_data_usr/k23139234/e769188c-13fe-48c6-acb8-28c71b6704fe/tfm_runs/nanotabpfn_tabicl_mix_scm_prior_scale/37283915/r_z-fixed-small/seed-2402/checkpoint-006000.pth,verified,seed-2402,r_z,e64-l2-h4-m256,0.8696572855114937
/cephfs/volumes/hpc_data_usr/k23139234/e769188c-13fe-48c6-acb8-28c71b6704fe/tfm_runs/nanotabpfn_tabicl_mix_scm_prior_scale/37283915/r_z-fixed-small/seed-2402/checkpoint-008000.pth,verified,seed-2402,r_z,e64-l2-h4-m256,0.8807461187243462
/cephfs/volumes/hpc_data_usr/k23139234/e769188c-13fe-48c6-acb8-28c71b6704fe/tfm_runs/nanotabpfn_tabicl_mix_scm_prior_scale/37283915/r_z-fixed-small/seed-2402/checkpoint-010000.pth,verified,seed-2402,r_z,e64-l2-h4-m256,0.883772149682045
/cephfs/volumes/hpc_data_usr/k23139234/e769188c-13fe-48c6-acb8-28c71b6704fe/tfm_runs/nanotabpfn_tabicl_mix_scm_prior_scale/37283915/r_z-fixed-small/seed-2402/final_checkpoint.pth,verified,seed-2402,r_z,e64-l2-h4-m256,0.883772149682045
/cephfs/volumes/hpc_data_usr/k23139234/e769188c-13fe-48c6-acb8-28c71b6704fe/tfm_runs/nanotabpfn_tabicl_mix_scm_prior_scale/37283921/g_z-curriculum-medium/seed-2402/checkpoint-002000.pth,verified,seed-2402,g_z,e128-l4-h4-m512,0.8103632219135761
/cephfs/volumes/hpc_data_usr/k23139234/e769188c-13fe-48c6-acb8-28c71b6704fe/tfm_runs/nanotabpfn_tabicl_mix_scm_prior_scale/37283921/g_z-curriculum-medium/seed-2402/checkpoint-004000.pth,verified,seed-2402,g_z,e128-l4-h4-m512,0.7471962999552488
/cephfs/volumes/hpc_data_usr/k23139234/e769188c-13fe-48c6-acb8-28c71b6704fe/tfm_runs/nanotabpfn_tabicl_mix_scm_prior_scale/37283921/g_z-curriculum-medium/seed-2402/checkpoint-006000.pth,verified,seed-2402,g_z,e128-l4-h4-m512,0.7688434273004532
/cephfs/volumes/hpc_data_usr/k23139234/e769188c-13fe-48c6-acb8-28c71b6704fe/tfm_runs/nanotabpfn_tabicl_mix_scm_prior_scale/37283921/g_z-curriculum-medium/seed-2402/checkpoint-008000.pth,verified,seed-2402,g_z,e128-l4-h4-m512,0.7708319500088692
/cephfs/volumes/hpc_data_usr/k23139234/e769188c-13fe-48c6-acb8-28c71b6704fe/tfm_runs/nanotabpfn_tabicl_mix_scm_prior_scale/37283921/g_z-curriculum-medium/seed-2402/checkpoint-010000.pth,verified,seed-2402,g_z,e128-l4-h4-m512,0.7704572640359402
/cephfs/volumes/hpc_data_usr/k23139234/e769188c-13fe-48c6-acb8-28c71b6704fe/tfm_runs/nanotabpfn_tabicl_mix_scm_prior_scale/37283921/g_z-curriculum-medium/seed-2402/final_checkpoint.pth,verified,seed-2402,g_z,e128-l4-h4-m512,0.7704572640359402
/cephfs/volumes/hpc_data_usr/k23139234/e769188c-13fe-48c6-acb8-28c71b6704fe/tfm_runs/nanotabpfn_tabicl_mix_scm_prior_scale/37283921/g_z-fixed-medium/seed-2402/checkpoint-002000.pth,verified,seed-2402,g_z,e128-l4-h4-m512,0.7911179605871439
/cephfs/volumes/hpc_data_usr/k23139234/e769188c-13fe-48c6-acb8-28c71b6704fe/tfm_runs/nanotabpfn_tabicl_mix_scm_prior_scale/37283921/g_z-fixed-medium/seed-2402/checkpoint-004000.pth,verified,seed-2402,g_z,e128-l4-h4-m512,0.8099129293113947
/cephfs/volumes/hpc_data_usr/k23139234/e769188c-13fe-48c6-acb8-28c71b6704fe/tfm_runs/nanotabpfn_tabicl_mix_scm_prior_scale/37283921/g_z-fixed-medium/seed-2402/checkpoint-006000.pth,verified,seed-2402,g_z,e128-l4-h4-m512,0.8001247905194759
/cephfs/volumes/hpc_data_usr/k23139234/e769188c-13fe-48c6-acb8-28c71b6704fe/tfm_runs/nanotabpfn_tabicl_mix_scm_prior_scale/37283921/g_z-fixed-medium/seed-2402/checkpoint-008000.pth,verified,seed-2402,g_z,e128-l4-h4-m512,0.7841834276914597
/cephfs/volumes/hpc_data_usr/k23139234/e769188c-13fe-48c6-acb8-28c71b6704fe/tfm_runs/nanotabpfn_tabicl_mix_scm_prior_scale/37283921/g_z-fixed-medium/seed-2402/checkpoint-010000.pth,verified,seed-2402,g_z,e128-l4-h4-m512,0.7804222982376814
/cephfs/volumes/hpc_data_usr/k23139234/e769188c-13fe-48c6-acb8-28c71b6704fe/tfm_runs/nanotabpfn_tabicl_mix_scm_prior_scale/37283921/g_z-fixed-medium/seed-2402/final_checkpoint.pth,verified,seed-2402,g_z,e128-l4-h4-m512,0.7804222982376814
/cephfs/volumes/hpc_data_usr/k23139234/e769188c-13fe-48c6-acb8-28c71b6704fe/tfm_runs/nanotabpfn_tabicl_mix_scm_prior_scale/37283921/original-medium/seed-2402/checkpoint-002000.pth,verified,seed-2402,canonical,e128-l4-h4-m512,0.784877348691225
/cephfs/volumes/hpc_data_usr/k23139234/e769188c-13fe-48c6-acb8-28c71b6704fe/tfm_runs/nanotabpfn_tabicl_mix_scm_prior_scale/37283921/original-medium/seed-2402/checkpoint-004000.pth,verified,seed-2402,canonical,e128-l4-h4-m512,0.7939937599003315
/cephfs/volumes/hpc_data_usr/k23139234/e769188c-13fe-48c6-acb8-28c71b6704fe/tfm_runs/nanotabpfn_tabicl_mix_scm_prior_scale/37283921/original-medium/seed-2402/checkpoint-006000.pth,verified,seed-2402,canonical,e128-l4-h4-m512,0.8282750956714153
/cephfs/volumes/hpc_data_usr/k23139234/e769188c-13fe-48c6-acb8-28c71b6704fe/tfm_runs/nanotabpfn_tabicl_mix_scm_prior_scale/37283921/original-medium/seed-2402/checkpoint-008000.pth,verified,seed-2402,canonical,e128-l4-h4-m512,0.813392985612154
/cephfs/volumes/hpc_data_usr/k23139234/e769188c-13fe-48c6-acb8-28c71b6704fe/tfm_runs/nanotabpfn_tabicl_mix_scm_prior_scale/37283921/original-medium/seed-2402/checkpoint-010000.pth,verified,seed-2402,canonical,e128-l4-h4-m512,0.8168141786009073
/cephfs/volumes/hpc_data_usr/k23139234/e769188c-13fe-48c6-acb8-28c71b6704fe/tfm_runs/nanotabpfn_tabicl_mix_scm_prior_scale/37283921/original-medium/seed-2402/final_checkpoint.pth,verified,seed-2402,canonical,e128-l4-h4-m512,0.8168141786009073
/cephfs/volumes/hpc_data_usr/k23139234/e769188c-13fe-48c6-acb8-28c71b6704fe/tfm_runs/nanotabpfn_tabicl_mix_scm_prior_scale/37283921/r_z-curriculum-medium/seed-2402/checkpoint-002000.pth,verified,seed-2402,r_z,e128-l4-h4-m512,0.7937637530267239
/cephfs/volumes/hpc_data_usr/k23139234/e769188c-13fe-48c6-acb8-28c71b6704fe/tfm_runs/nanotabpfn_tabicl_mix_scm_prior_scale/37283921/r_z-curriculum-medium/seed-2402/checkpoint-004000.pth,verified,seed-2402,r_z,e128-l4-h4-m512,0.7704657334834337
/cephfs/volumes/hpc_data_usr/k23139234/e769188c-13fe-48c6-acb8-28c71b6704fe/tfm_runs/nanotabpfn_tabicl_mix_scm_prior_scale/37283921/r_z-curriculum-medium/seed-2402/checkpoint-006000.pth,verified,seed-2402,r_z,e128-l4-h4-m512,0.7888439670205116
/cephfs/volumes/hpc_data_usr/k23139234/e769188c-13fe-48c6-acb8-28c71b6704fe/tfm_runs/nanotabpfn_tabicl_mix_scm_prior_scale/37283921/r_z-curriculum-medium/seed-2402/checkpoint-008000.pth,verified,seed-2402,r_z,e128-l4-h4-m512,0.7735748887062073
/cephfs/volumes/hpc_data_usr/k23139234/e769188c-13fe-48c6-acb8-28c71b6704fe/tfm_runs/nanotabpfn_tabicl_mix_scm_prior_scale/37283921/r_z-curriculum-medium/seed-2402/checkpoint-010000.pth,verified,seed-2402,r_z,e128-l4-h4-m512,0.7878802679479122
/cephfs/volumes/hpc_data_usr/k23139234/e769188c-13fe-48c6-acb8-28c71b6704fe/tfm_runs/nanotabpfn_tabicl_mix_scm_prior_scale/37283921/r_z-curriculum-medium/seed-2402/final_checkpoint.pth,verified,seed-2402,r_z,e128-l4-h4-m512,0.7878802679479122
/cephfs/volumes/hpc_data_usr/k23139234/e769188c-13fe-48c6-acb8-28c71b6704fe/tfm_runs/nanotabpfn_tabicl_mix_scm_prior_scale/37283921/r_z-fixed-medium/seed-2402/checkpoint-002000.pth,verified,seed-2402,r_z,e128-l4-h4-m512,0.7919055819511414
/cephfs/volumes/hpc_data_usr/k23139234/e769188c-13fe-48c6-acb8-28c71b6704fe/tfm_runs/nanotabpfn_tabicl_mix_scm_prior_scale/37283921/r_z-fixed-medium/seed-2402/checkpoint-004000.pth,verified,seed-2402,r_z,e128-l4-h4-m512,0.7720309868454933
/cephfs/volumes/hpc_data_usr/k23139234/e769188c-13fe-48c6-acb8-28c71b6704fe/tfm_runs/nanotabpfn_tabicl_mix_scm_prior_scale/37283921/r_z-fixed-medium/seed-2402/checkpoint-006000.pth,verified,seed-2402,r_z,e128-l4-h4-m512,0.7676889523863792
/cephfs/volumes/hpc_data_usr/k23139234/e769188c-13fe-48c6-acb8-28c71b6704fe/tfm_runs/nanotabpfn_tabicl_mix_scm_prior_scale/37283921/r_z-fixed-medium/seed-2402/checkpoint-008000.pth,verified,seed-2402,r_z,e128-l4-h4-m512,0.7593600358814001
/cephfs/volumes/hpc_data_usr/k23139234/e769188c-13fe-48c6-acb8-28c71b6704fe/tfm_runs/nanotabpfn_tabicl_mix_scm_prior_scale/37283921/r_z-fixed-medium/seed-2402/checkpoint-010000.pth,verified,seed-2402,r_z,e128-l4-h4-m512,0.7575721554458141
/cephfs/volumes/hpc_data_usr/k23139234/e769188c-13fe-48c6-acb8-28c71b6704fe/tfm_runs/nanotabpfn_tabicl_mix_scm_prior_scale/37283921/r_z-fixed-medium/seed-2402/final_checkpoint.pth,verified,seed-2402,r_z,e128-l4-h4-m512,0.7575721554458141
/cephfs/volumes/hpc_data_usr/k23139234/e769188c-13fe-48c6-acb8-28c71b6704fe/tfm_runs/nanotabpfn_tabicl_mix_scm_prior_scale/37283995/g_z-curriculum-large/seed-2402/checkpoint-002000.pth,verified,seed-2402,g_z,e192-l6-h6-m768,0.7516289912164211
/cephfs/volumes/hpc_data_usr/k23139234/e769188c-13fe-48c6-acb8-28c71b6704fe/tfm_runs/nanotabpfn_tabicl_mix_scm_prior_scale/37283995/g_z-curriculum-large/seed-2402/checkpoint-004000.pth,verified,seed-2402,g_z,e192-l6-h6-m768,0.7796652130782604
/cephfs/volumes/hpc_data_usr/k23139234/e769188c-13fe-48c6-acb8-28c71b6704fe/tfm_runs/nanotabpfn_tabicl_mix_scm_prior_scale/37283995/g_z-curriculum-large/seed-2402/checkpoint-006000.pth,verified,seed-2402,g_z,e192-l6-h6-m768,0.7962758019566536
/cephfs/volumes/hpc_data_usr/k23139234/e769188c-13fe-48c6-acb8-28c71b6704fe/tfm_runs/nanotabpfn_tabicl_mix_scm_prior_scale/37283995/g_z-curriculum-large/seed-2402/checkpoint-008000.pth,verified,seed-2402,g_z,e192-l6-h6-m768,0.7886545248329639
/cephfs/volumes/hpc_data_usr/k23139234/e769188c-13fe-48c6-acb8-28c71b6704fe/tfm_runs/nanotabpfn_tabicl_mix_scm_prior_scale/37283995/g_z-curriculum-large/seed-2402/checkpoint-010000.pth,verified,seed-2402,g_z,e192-l6-h6-m768,0.78968246281147
/cephfs/volumes/hpc_data_usr/k23139234/e769188c-13fe-48c6-acb8-28c71b6704fe/tfm_runs/nanotabpfn_tabicl_mix_scm_prior_scale/37283995/g_z-curriculum-large/seed-2402/final_checkpoint.pth,verified,seed-2402,g_z,e192-l6-h6-m768,0.78968246281147
/cephfs/volumes/hpc_data_usr/k23139234/e769188c-13fe-48c6-acb8-28c71b6704fe/tfm_runs/nanotabpfn_tabicl_mix_scm_prior_scale/37283995/g_z-fixed-large/seed-2402/checkpoint-002000.pth,verified,seed-2402,g_z,e192-l6-h6-m768,0.8059691227972507
/cephfs/volumes/hpc_data_usr/k23139234/e769188c-13fe-48c6-acb8-28c71b6704fe/tfm_runs/nanotabpfn_tabicl_mix_scm_prior_scale/37283995/g_z-fixed-large/seed-2402/checkpoint-004000.pth,verified,seed-2402,g_z,e192-l6-h6-m768,0.742986723780632
/cephfs/volumes/hpc_data_usr/k23139234/e769188c-13fe-48c6-acb8-28c71b6704fe/tfm_runs/nanotabpfn_tabicl_mix_scm_prior_scale/37283995/g_z-fixed-large/seed-2402/checkpoint-006000.pth,verified,seed-2402,g_z,e192-l6-h6-m768,0.8007824923843145
/cephfs/volumes/hpc_data_usr/k23139234/e769188c-13fe-48c6-acb8-28c71b6704fe/tfm_runs/nanotabpfn_tabicl_mix_scm_prior_scale/37283995/g_z-fixed-large/seed-2402/checkpoint-008000.pth,verified,seed-2402,g_z,e192-l6-h6-m768,0.7917162571102381
/cephfs/volumes/hpc_data_usr/k23139234/e769188c-13fe-48c6-acb8-28c71b6704fe/tfm_runs/nanotabpfn_tabicl_mix_scm_prior_scale/37283995/g_z-fixed-large/seed-2402/checkpoint-010000.pth,verified,seed-2402,g_z,e192-l6-h6-m768,0.7951238341629505
/cephfs/volumes/hpc_data_usr/k23139234/e769188c-13fe-48c6-acb8-28c71b6704fe/tfm_runs/nanotabpfn_tabicl_mix_scm_prior_scale/37283995/g_z-fixed-large/seed-2402/final_checkpoint.pth,verified,seed-2402,g_z,e192-l6-h6-m768,0.7951238341629505
/cephfs/volumes/hpc_data_usr/k23139234/e769188c-13fe-48c6-acb8-28c71b6704fe/tfm_runs/nanotabpfn_tabicl_mix_scm_prior_scale/37283995/original-large/seed-2402/checkpoint-002000.pth,verified,seed-2402,canonical,e192-l6-h6-m768,0.7779611814767122
/cephfs/volumes/hpc_data_usr/k23139234/e769188c-13fe-48c6-acb8-28c71b6704fe/tfm_runs/nanotabpfn_tabicl_mix_scm_prior_scale/37283995/original-large/seed-2402/checkpoint-004000.pth,verified,seed-2402,canonical,e192-l6-h6-m768,0.7680583242326975
/cephfs/volumes/hpc_data_usr/k23139234/e769188c-13fe-48c6-acb8-28c71b6704fe/tfm_runs/nanotabpfn_tabicl_mix_scm_prior_scale/37283995/original-large/seed-2402/checkpoint-006000.pth,verified,seed-2402,canonical,e192-l6-h6-m768,0.7793878763914108
/cephfs/volumes/hpc_data_usr/k23139234/e769188c-13fe-48c6-acb8-28c71b6704fe/tfm_runs/nanotabpfn_tabicl_mix_scm_prior_scale/37283995/original-large/seed-2402/checkpoint-008000.pth,verified,seed-2402,canonical,e192-l6-h6-m768,0.778922138735652
/cephfs/volumes/hpc_data_usr/k23139234/e769188c-13fe-48c6-acb8-28c71b6704fe/tfm_runs/nanotabpfn_tabicl_mix_scm_prior_scale/37283995/original-large/seed-2402/checkpoint-010000.pth,verified,seed-2402,canonical,e192-l6-h6-m768,0.7799290306866169
/cephfs/volumes/hpc_data_usr/k23139234/e769188c-13fe-48c6-acb8-28c71b6704fe/tfm_runs/nanotabpfn_tabicl_mix_scm_prior_scale/37283995/original-large/seed-2402/final_checkpoint.pth,verified,seed-2402,canonical,e192-l6-h6-m768,0.7799290306866169
/cephfs/volumes/hpc_data_usr/k23139234/e769188c-13fe-48c6-acb8-28c71b6704fe/tfm_runs/nanotabpfn_tabicl_mix_scm_prior_scale/37283995/r_z-curriculum-large/seed-2402/checkpoint-002000.pth,verified,seed-2402,r_z,e192-l6-h6-m768,0.7609259076416492
/cephfs/volumes/hpc_data_usr/k23139234/e769188c-13fe-48c6-acb8-28c71b6704fe/tfm_runs/nanotabpfn_tabicl_mix_scm_prior_scale/37283995/r_z-curriculum-large/seed-2402/checkpoint-004000.pth,verified,seed-2402,r_z,e192-l6-h6-m768,0.773573873564601
/cephfs/volumes/hpc_data_usr/k23139234/e769188c-13fe-48c6-acb8-28c71b6704fe/tfm_runs/nanotabpfn_tabicl_mix_scm_prior_scale/37283995/r_z-curriculum-large/seed-2402/checkpoint-006000.pth,verified,seed-2402,r_z,e192-l6-h6-m768,0.7771275900304317
/cephfs/volumes/hpc_data_usr/k23139234/e769188c-13fe-48c6-acb8-28c71b6704fe/tfm_runs/nanotabpfn_tabicl_mix_scm_prior_scale/37283995/r_z-curriculum-large/seed-2402/checkpoint-008000.pth,verified,seed-2402,r_z,e192-l6-h6-m768,0.7654425855726004
/cephfs/volumes/hpc_data_usr/k23139234/e769188c-13fe-48c6-acb8-28c71b6704fe/tfm_runs/nanotabpfn_tabicl_mix_scm_prior_scale/37283995/r_z-curriculum-large/seed-2402/checkpoint-010000.pth,verified,seed-2402,r_z,e192-l6-h6-m768,0.7724179420620203
/cephfs/volumes/hpc_data_usr/k23139234/e769188c-13fe-48c6-acb8-28c71b6704fe/tfm_runs/nanotabpfn_tabicl_mix_scm_prior_scale/37283995/r_z-curriculum-large/seed-2402/final_checkpoint.pth,verified,seed-2402,r_z,e192-l6-h6-m768,0.7724179420620203
/cephfs/volumes/hpc_data_usr/k23139234/e769188c-13fe-48c6-acb8-28c71b6704fe/tfm_runs/nanotabpfn_tabicl_mix_scm_prior_scale/37283995/r_z-fixed-large/seed-2402/checkpoint-002000.pth,verified,seed-2402,r_z,e192-l6-h6-m768,0.7855941094458103
/cephfs/volumes/hpc_data_usr/k23139234/e769188c-13fe-48c6-acb8-28c71b6704fe/tfm_runs/nanotabpfn_tabicl_mix_scm_prior_scale/37283995/r_z-fixed-large/seed-2402/checkpoint-004000.pth,verified,seed-2402,r_z,e192-l6-h6-m768,0.7653869595378637
/cephfs/volumes/hpc_data_usr/k23139234/e769188c-13fe-48c6-acb8-28c71b6704fe/tfm_runs/nanotabpfn_tabicl_mix_scm_prior_scale/37283995/r_z-fixed-large/seed-2402/checkpoint-006000.pth,verified,seed-2402,r_z,e192-l6-h6-m768,0.7327898014336824
/cephfs/volumes/hpc_data_usr/k23139234/e769188c-13fe-48c6-acb8-28c71b6704fe/tfm_runs/nanotabpfn_tabicl_mix_scm_prior_scale/37283995/r_z-fixed-large/seed-2402/checkpoint-008000.pth,verified,seed-2402,r_z,e192-l6-h6-m768,0.7452919445931911
/cephfs/volumes/hpc_data_usr/k23139234/e769188c-13fe-48c6-acb8-28c71b6704fe/tfm_runs/nanotabpfn_tabicl_mix_scm_prior_scale/37283995/r_z-fixed-large/seed-2402/checkpoint-010000.pth,verified,seed-2402,r_z,e192-l6-h6-m768,0.7574822660535574
/cephfs/volumes/hpc_data_usr/k23139234/e769188c-13fe-48c6-acb8-28c71b6704fe/tfm_runs/nanotabpfn_tabicl_mix_scm_prior_scale/37283995/r_z-fixed-large/seed-2402/final_checkpoint.pth,verified,seed-2402,r_z,e192-l6-h6-m768,0.7574822660535574
/users/k23139234/repo/TFM-Playground/checkpoints/tabpfn-v2.2.ckpt,external_published_default,tabpfn-v2.2,tabpfn,v2.2,
/users/k23139234/repo/TFM-Playground/checkpoints/tabpfn-v2.6-classifier-v2.6_default.ckpt,external_published_default,tabpfn-v2.6,tabpfn,v2.6,
/users/k23139234/repo/TFM-Playground/checkpoints/tabpfn-v3-classifier-v3_default.ckpt,external_published_default,tabpfn-v3,tabpfn,v3,
external:/tabicl-v1,external_published_default,tabicl-v1,tabicl,v1,
external:/tabicl-v2,external_published_default,tabicl-v2,tabicl,v2,
