task_name,uuid,checksum,status,reason,rows,raw_features,classes,problem_type,regime,target_column,group_columns,text_features,high_cardinality_features
airfoil_self_noise,019d7366-4673-7d9a-9821-35604af616f6,ea45e0cbe98eb1ff56f862a027c4aecbe6734ba6da7773e0e1aac100d35d54de,skipped,not_classification,1503,5,1456,regression,IID,scaled-sound-pressure,,,
amazon_employee_access,019d7366-58b8-7e97-bf34-83c96a915561,f0cbb93309ec4e0c1436647757925d2e34d75b308bfd21c46252568a1ea6ced0,skipped,rows_limit,32769,9,2,binary_classification,IID,ResourceApproved,,,RESOURCE;MGR_ID;ROLE_ROLLUP_1;ROLE_ROLLUP_2;ROLE_DEPTNAME;ROLE_TITLE;ROLE_FAMILY_DESC;ROLE_CODE
aps_failure,019d7366-7373-7942-9438-aa122a6ca492,9a34674cb3fc6baa5c512f73bb9b0399480bf340db4c27570d88f3e08224e820,skipped,rows_limit,76000,170,2,binary_classification,IID,AirPressureSystemFailure,,,
bad_customer_detection,019d7366-8875-7ee1-8f3b-5ad96bdd2324,326eb411c9fda6cda3e0f8342d25954b2b1127180b7f4c32a9ba44720810d8e3,eligible,,1723,13,2,binary_classification,IID,bad_customer,,,
bank_customer_churn,019d7366-99cc-77cc-8d41-5c3ccc8eff96,fe5ce0c5d0db8383357ccf88654860024fe54add17f1619a7649a735f99a6e9b,eligible,,10000,10,2,binary_classification,IID,churn,,,
bank_marketing,019d7366-abe0-7dcc-a9fb-069bfb233c78,5107c609291ca501577cf5d02a82675bcdd43c089e98a1c80e1f215c415c2129,skipped,rows_limit,45211,13,2,binary_classification,IID,SubscribeTermDeposit,,,
bioresponse,019d7366-c770-7d3c-8dd9-b9cc456542d6,00b724059a8d065414e7bdc2b4f5dcf1dcaeb763063c03b7bb21e1b250b7411e,skipped,raw_features_limit,3751,1776,2,binary_classification,IID,MoleculeElicitsResponse,,,
blood_transfusion,019d7366-d9d0-777d-b0ae-e7a5175f7f09,659ec22f57d94babb699a6026b0d24ca82b3dfeb7c0f5139aa9fc4d249b0d6dc,eligible,,748,4,2,binary_classification,IID,DonatedBloodInMarch2007,,,
churn,019d7366-eb2d-72f9-9998-72dfc5b6cc79,03a2384041c04e08d51e4a25a2ec6b4e9208b8224d63b920e5231fd618f32124,eligible,,5000,19,2,binary_classification,IID,CustomerChurned,,,
coil_2000,019d7366-fdc2-7225-a22c-314c624711f6,88bf65f5dd8189209fcef394ce5c0c059fd5609f8a4197491438db0deb78e411,skipped,raw_features_limit,9822,85,2,binary_classification,IID,MobileHomePolicy,,,
concrete_compressive_strength,019d7367-0f12-7c25-b411-de9c711bd4ec,0cc5e28335dd90beb995b7221996dfb6fd417f00965a84b201035a77c8a79721,skipped,not_classification,1030,8,938,regression,IID,ConcreteCompressiveStrength,,,
credit_card_clients_default,019d7367-23b0-7125-9a7b-9ad1a90dc75d,6a37a99bd447030f223f8bbea78efc5f7832b14b739ac8eda79ea593f9c8e075,skipped,rows_limit,30000,23,2,binary_classification,IID,DefaultOnPaymentNextMonth,,,
credit_g,019d7367-39a7-7335-8448-2dc9b2872361,6ed15f6c0ebfdb6167ccb5af6f7b00b3ba764b659f9b906d38943fef3e1e8fda,eligible,,1000,20,2,binary_classification,IID,good_or_bad_customer,,,
customer_satisfaction_in_airline,019d7367-4d56-7274-a470-1609f3a3d6fe,cd397330aa564c2fc8711639a89774ff1568ba8a0c1eaeee40e2e2fe7e9a5464,skipped,rows_limit,129880,21,2,binary_classification,IID,satisfied,,,
diabetes_130_us,019d7367-64e4-7883-956d-9ba2fc8db41b,ceff5d7230bbb299c412640b3dc876f84fceefdc949382800a74b9e70dcc28a1,skipped,rows_limit,71518,44,2,binary_classification,IID,EarlyReadmission,,,diag_1;diag_2;diag_3
diamonds,019d7367-779c-707e-b777-849180166b74,0edea110185a9044f0fd37f4c8803b1a30d955c175b701ec5815282fa692a874,skipped,not_classification,53940,9,11602,regression,IID,price,,,
ecommerce_shipping,019d7367-8a04-7bf2-8ab2-68d1726cf31e,3c2d09b0b367d0e750e33ae9807a17a43f2027a2815d8e7912c129fee110cff1,skipped,rows_limit,10999,10,2,binary_classification,IID,ArrivedLate,,,
fiat_500,019d7367-9b82-78a9-a53a-570038a28d0a,22ee3d538241e28e1ba50986a839bbae3614a8ce1cc2af5329ec2c4cd6f3cbbb,skipped,not_classification,1538,7,222,regression,IID,price,,,
fitness_club,019d7367-aced-7960-94c9-b19b393cb0ad,7f5580a36e6765dc8d36f7eb0012ce217ebedf2b99e7680b8fd22ea63dacf6df,eligible,,1500,6,2,binary_classification,IID,attended,,,
food_delivery_time,019d7367-beff-7ca7-9033-8f346962f7a1,8701c3afc7a01fec3793e82f1fd0a2bc8ffe70b58b0e7b06ac8d8f0c5c3e8e5d,skipped,not_classification,45451,9,45,regression,IID,Time_taken(min),,,Delivery_person_ID
give_me_some_credit,019d7367-d331-7295-991e-7eab46ea49ba,9bbd6d31496df52aaadd9e06a4f427bd7028004a07fd569d1aafd4b34cb77fc0,skipped,rows_limit,150000,10,2,binary_classification,IID,FinancialDistressNextTwoYears,,,RevolvingUtilizationOfUnsecuredLines
hazelnut_spread_contaminant_detection,019d7367-e731-79fc-9677-4c5d1bab73ff,c3cf7157f60619b550d74446ef67550194a88efad3bc75076d894f051b63daac,eligible,,2400,30,2,binary_classification,IID,Contaminated,,,
healthcare_insurance_expenses,019d7367-f8cf-77a8-86e8-cabed951a9f6,819c281e17ac1a52728ff00010589b7dfafc8731eecd3dd46ce56ebb64566e4e,skipped,not_classification,1338,6,1337,regression,IID,charges,,,
heloc,019d7368-0a52-7460-abf5-b78381cf69f0,f081e51f82baa69fbc26a63b67109d4125ad4412fb9d4164f7e3d48cc7a3bdf3,skipped,rows_limit,10459,23,2,binary_classification,IID,RiskPerformance,,,
hiva_agnostic,019d7368-2dd6-7aa8-b7f3-42a416dc1315,18122f8f8c5746460f79d8ff9445a7219b6f9620c52fe4f1af8fba3bc3ae5ff1,skipped,raw_features_limit,3845,1518,2,binary_classification,IID,CompoundActive,,,
houses,019d7368-4493-7f1a-a1e6-d784558ee09a,36f401dcfed18ec4123ed28bff798a040aa07467e0509d0a8bd1451d3bb6803c,skipped,not_classification,19675,8,3841,regression,IID,LnMedianHouseValue,,,
hr_analytics,019d7368-56c6-75a9-b489-eb6faf376ce5,16899d583e8ade9105eb3827c0fefd65e41f487c8a9cb64b4bcbb6484f66d00f,skipped,rows_limit,19158,12,2,binary_classification,IID,LookingForJobChange,,,city
in_vehicle_coupon_recommendation,019d7368-68cc-754c-99e4-7e145a96e287,8fd6fcbf014a26e31eb1509834f94644b44230be10e50630088fe702e5c4cfb9,skipped,rows_limit,12684,24,2,binary_classification,IID,AcceptCoupon,,,
jm1,019d7368-7f0b-74da-a01f-3c5e7dd31dab,db399e9e2b000d455d534f56af25b981bd0c552c252b4f3bb75ccb912277090e,skipped,rows_limit,10885,21,2,binary_classification,IID,defects,,,
kdd_cup_09_appetency,019d7368-96e4-777a-bfbb-4fcb8602465c,fbe35c3751e3b0eb2947b306daeef4236c03b4dc712cbc2e2e65cc9beb31f151,skipped,rows_limit,50000,212,2,binary_classification,IID,Appetency,,,Var192;Var197;Var198;Var199;Var200;Var202;Var214;Var216;Var217;Var220;Var222
marketing_campaign,019d7441-e83d-7bb2-bed5-7eb8a1ad36f6,1f7c1ddb7fbd8f291feeeb6ff2501b9928fcab050536a6535636368e7696fb5a,eligible,,2240,25,2,binary_classification,IID,Response,,,
maternal_health_risk,019d7368-bc0d-723e-a4f9-abfd36e085e9,4825d864de14e1384bc15d09c32f06696748b4301d005d0cd9b4f65d44e831c8,eligible,,1014,6,3,multiclass_classification,IID,RiskLevel,,,
miami_housing,019d7368-cda5-7177-b500-4986a5e77a82,cc2c70f97453952de2b94b49e59765524cba22ffb612bdd4fda96b890bfb2623,skipped,not_classification,13776,15,2106,regression,IID,SALE_PRC,,,
mic,019d7444-22cb-7d04-940f-6fa8b0436ea2,18cbeb32fc26a8fb59d736d66013e96a451a5ae3cd9c1df446540cee8ae6960b,skipped,raw_features_limit,1699,111,8,multiclass_classification,IID,LET_IS,,,
naticusdroid_android_permissions_dataset,019d7368-f37d-77e2-be2e-0d8d94e9c27d,a5546305b86de8e1d85e7ac150815b8b2e45e0a85a40e16e0c17b10ad12afbb4,skipped,raw_features_limit,7491,85,2,binary_classification,IID,Malware,,,
online_shoppers_purchasing_intention_dataset,019d7445-801c-7a91-831e-5f6725779505,386943e3951a64a3e447386d2d874446591569acfccaae9cf74fddf224ff7a4e,skipped,rows_limit,12330,17,2,binary_classification,IID,Revenue,,,
physiochemical_protein,019d7369-1810-7d24-8e20-84da94babb3e,725994e126ad5dac24635e329204e80151c2ace07c95ba89e1bc56929b11ea5d,skipped,not_classification,45730,9,15903,regression,IID,ResidualSize,,,
polish_companies_bankruptcy,019d7369-2c20-709c-83cd-e27fab38e009,c0f8361eb1a665a008443d1d5ae468033ae5e5089d587cb11c2c20b3837a0d1c,skipped,raw_features_limit,5790,64,2,binary_classification,IID,company_bankrupt,,,
predict_students_dropout_and_academic_success,019d7369-3ffd-7889-91d3-46e5b502f4ec,24846bf39dbbd1d02e98706986b3e180f8ce3fc99a44b8bbaa3f3e35372d8723,skipped,raw_features_limit,4424,36,3,multiclass_classification,IID,AcademicOutcome,,,
qsar_biodeg,019d7369-5170-7d75-8932-e2a5778ee70b,6da30d2b56984692061acfce659917a0795736463d98cdc8aa509681cc7828b2,skipped,raw_features_limit,1054,41,2,binary_classification,IID,Biodegradable,,,
qsar_fish_toxicity,019d7369-62fc-7ea1-9c58-8ac89144f820,3956f37705d40ad0207d9d3386ecfda90c99479ac52594cb42253a61b09021ab,skipped,not_classification,908,6,827,regression,IID,LC50,,,
qsar_tid_11,019d7369-7ffa-7d6a-b578-fa8c63c7adb6,34fa1825da1798fdc41714b6ffbba9f72651a395ea37b6e2f68c5b9a9602c510,skipped,not_classification,5741,1024,1386,regression,IID,MEDIAN_PXC50,,,
sdss_17,019d7369-942d-72c0-b327-e812c4b56b7e,581b23dde289b2e45a687c7376140d92a4a7195cc416908a751ab08a1262bc36,skipped,rows_limit,78053,11,3,multiclass_classification,IID,ObjectType,,,plate;fiber_ID
seismic_bumps,019d7369-a6b4-7060-a145-dc996b59cf1b,57508e48463fb8793ce2785c8c7ef5b0a00a5506d885953a2bd29000211a1a51,eligible,,2584,15,2,binary_classification,IID,HighEnergySeismicBump,,,
splice,019d7369-b922-718a-adbf-099484b95908,42e6164c9f00cae664458f324495f110d1531353d4aadb19ba1cb71d3badebee,skipped,raw_features_limit,3190,60,3,multiclass_classification,IID,SiteType,,,
superconductivity,019d7369-cca6-7baa-b958-4ec60c44e1c1,d4666103efe3fa3362851dde65ce8ea7f3a6dc280867f24e9c9f8352d0efead9,skipped,not_classification,21263,81,3007,regression,IID,critical_temp,,,
taiwanese_bankruptcy_prediction,019d7369-df9e-716f-974e-19cc910078ee,0e0ba8e946ba2ff38b553c2194ec1e18f90507cad774037cf045d97291543ebf,skipped,raw_features_limit,6819,92,2,binary_classification,IID,Bankrupt,,,
website_phishing,019d7369-f10c-78e6-bd19-b8b0a72399fe,f14a0ca518060082d5cd89ba84522d192f73c7f357d6fc31331ef44eb0eb088a,eligible,,1353,9,3,multiclass_classification,IID,WebsiteType,,,
wine_quality,019d736a-03ee-7297-95da-6bfa50c97f79,c610cef2863d5fdb4dd8d2bbf94f039466763555205d6c09129ade1d9ca85a73,skipped,not_classification,6497,12,7,regression,IID,median_wine_quality,,,
allstate_claims_severity,019d736a-2321-76da-a36a-ddc5e1fbf7b6,7b83d50749d3afcb9ac4a4820ae9b64288219c53aae2e2fe0754ccee33f4a45b,skipped,not_classification,188317,130,158223,regression,IID,loss,,,cat110;cat116
audiology_diagnosis,019d736a-3b3d-73da-8d65-b4b7a39e1590,f1b6fe74e2e52cd80b85317f7b52193a47a1449f58c2aa84ee34778e7eb3f065,skipped,raw_features_limit,199,68,3,multiclass_classification,IID,diagnosis,,,bser
biomechanical_orthopaedic_prediction,019d736a-4c2d-74b6-95a3-c63bd4b8fff7,0c1f76d5ec8523298259f6103826fbbd2a1f45ba381fd812ef3a20d43484e6fb,eligible,,310,6,3,multiclass_classification,IID,class,,,
blood_tests_drink_prediction,019d736a-5d45-743a-b7c5-11da6b494fb7,8b3af50f0b3a9adb28812140e08b26a8f8fcb35f647d63b04b7ff00f0d07c872,skipped,not_classification,345,5,16,regression,IID,drinks,,,
body_density_prediction,019d736a-6e2b-77a5-ae25-1222ef4fe4e9,cad123e340b6863ce3cd86e290bb9d6736484ba1719e60eefe55a17d12c54bcc,skipped,not_classification,252,13,218,regression,IID,Density,,,
cirrhosis_patient_survival_prediction,019d736a-9116-7589-9cad-4cee540f2926,a0a92d50a4a13142d2db0359417f8d3930ab585cefad2a5cef61cb3e490374d6,skipped,not_classification,161,17,156,regression,IID,log_days_to_death,,,
credit_approval,019d736a-a27c-7c85-90c5-ca1d5dc849bd,60feab1677dfa8fc4743de39c9a2500170da1bd24c99253f6a1e22063e2f037b,eligible,,690,15,2,binary_classification,IID,A16,,,
drug_induced_autoimmunity_prediction,019d736a-b4b1-7f51-9563-dde2b6ecd948,e4e44306b3d61cbedcb195406be7014eb987671113fbaa67f578e640e8d01da8,skipped,raw_features_limit,597,177,2,binary_classification,IID,Label,,SMILES,
early_stage_diabetes_risk_prediction,019d736a-c5ee-7069-9b14-686535f9caa9,0e0d086501fab224d817023b04641d544be3a76be3a3fc8fdbfc5ea55cc4361a,eligible,,251,16,2,binary_classification,IID,class,,,
ecoli_proteins,019d736a-d6d2-7e28-aeff-7da6b7126b9d,272ebbab6aef1d4bc10e7933f9f47533d0314b5a34dc15c7b0d60cbd1d607465,eligible,,327,6,5,multiclass_classification,IID,class,,,
emscad,019d736a-ed4a-7aaa-89df-d52558565db9,352ba1ad92cc0067302d1d126335aaf41023a0896af14a061972eb93441ed99c,skipped,rows_limit,17460,17,2,binary_classification,IID,fraudulent,,title;location;department;salary_range;company_profile;description;requirements;benefits,industry
eryhemato_squamous_disease,019d736b-020a-7fbc-9785-6438802781f2,da30228f497552f6f4f69057f0fe48083d0f2e84414442567b2c935b7d3d532a,skipped,raw_features_limit,366,34,6,multiclass_classification,IID,class,,,
forensic_glass_identification,019d736b-12da-73ae-a0d2-65e6294a7f01,391b95b680017f18cd2ccbb7871afc4cf359843a832d1e746d0da8c52522aeed,skipped,class_count_limit,214,9,6,multiclass_classification,IID,Type_of_glass,,,
forest_fires,019d736b-2610-7f4f-ae46-3f6a4c98962e,5c7ba5b6c2edeff0d71279e3f0dc51d2a56d3fb362a32095dad43f83648b7bb2,skipped,not_classification,517,12,251,regression,IID,area,,,
gallstone_disease,019d736b-3795-7523-ac59-9fbe676ebc70,48bbbe0685a0d819569890c57471d9758061c39548b5e0d42f00ce959e392955,skipped,raw_features_limit,319,38,2,binary_classification,IID,Gallstone Status,,,
heart_disease_cleveland,019d736b-4900-714b-8dfc-be588ce802c3,5463a119ab200aae898282e7b5edc94f67f57f188d124d03fd3acafd33a7d50e,eligible,,303,13,2,binary_classification,IID,heart_disease_diagnosis,,,
heart_disease_hungary,019d736b-5a1a-7c95-92f0-8c2fe5334ad2,ab64d748b6fae28f85e9f2898cec4047de2601b78f0a30495a755e6d8674dcfe,eligible,,294,13,2,binary_classification,IID,heart_disease_diagnosis,,,
heart_disease_va_long_beach,019d736b-7c92-71e1-a6d6-27a91ed15d3d,092886de969ba9aafbb4c145213dea47ba41c24ba15e8806b7e6f98580d8992b,eligible,,200,13,2,binary_classification,IID,heart_disease_diagnosis,,,
heart_failure_followup_survival,019d736b-8d9f-7f20-8f5c-45207fb0251d,76e4766b720e9993542a3f2d378fd16e68f35ce95cf1180b74cc51247d8e9a6e,eligible,,299,12,2,binary_classification,IID,DEATH_EVENT,,,
hepatitis_c_prediction,019d736b-9eba-79b8-8c5a-78d95163e286,e11dcaf75c92ab418d20b497d957818a4b060aeec6858982c48275b01f52eac2,eligible,,608,12,4,multiclass_classification,IID,Category,,,
hepatitis_survival_prediction,019d736b-afda-7edf-9f73-3cd8e3799329,b8df12ee14c3f595d890e53ca3f16aa07c2ff5933b940fbe459c37c503bf93fc,eligible,,155,19,2,binary_classification,IID,class,,,
home_credit_default_risk,019d736d-6a16-7087-999b-e953d48f7516,b7cf488bc4009a2b64b55bd07c4d7b625aa4e6e2bfe54e023da9bb833119b528,skipped,rows_limit,307507,504,2,binary_classification,IID,TARGET,,,
homesite_quote_conversion,019d736d-c045-7597-b0e9-665db9c61dac,789153f0abdcf8f803245116fc2082b17fcb538be049af058969feab33a195a4,skipped,rows_limit,260753,295,2,binary_classification,IID,QuoteConversion_Flag,,,
horse_colic_survival,019d736d-db15-7ad1-b407-b937aa958bd9,41ed40a17048e35354072aef19c9f6c9f7961d1be719a74e77082ea3055bc6bd,eligible,,344,20,3,multiclass_classification,IID,outcome,,,
indian_liver_patient_dataset,019d736d-ec03-75de-b8e9-075fcdde7993,bee5f1602553173595cf4a450b5cd310b261a7f7a2dcb9a273d9aeeec31dbcef,eligible,,583,10,2,binary_classification,IID,Selector,,,
labour_inspection_compliance,019d736e-5a12-720a-9281-b652d1acae27,808aee06dbc0356f07387419346b41ed97bbdc7d0bc8d55e8d86375dc5efd795,skipped,rows_limit,63634,376,2,binary_classification,IID,NonCompliance,,County;Checklist Content;Industry Sub Area;Industry Main Area,
ljubljana_breast_cancer,019d736e-6ea7-7889-b0ff-20fbdd628b8a,08fe3459adebc57a28edf994b89f4726dabd3efef9dd31222af6d9f40e28dd3c,eligible,,286,9,2,binary_classification,IID,Class,,,
ljubljana_primary_tumor,019d736e-819e-7f44-a8b2-5b93d4cce230,1761019b70c1c4e06a5e64221df6c8bb64e923db7ad385c2cd063d612612d7a4,skipped,class_count_limit,302,17,11,multiclass_classification,IID,class,,,
mercari_price_suggestion_1m,019d736f-26fd-73bd-8853-dc219e5f4ed5,4ebb5029847731388aae5c906525386074b651cf53d731474d2a7745dc66693e,skipped,not_classification,1250000,6,791,regression,IID,price,,name;category_name;brand_name;item_description,
mutual_funds_india,019d736f-4e6b-7953-9a01-a5476b6708ef,72549a337ca9ba6d44fa5d49b79b1f56e27c02720282f4ae36ffe06b3f53b3ac,skipped,not_classification,793,12,304,regression,IID,returns_3yr,,scheme_name;fund_manager;amc_name,
otto_group_product_classification_challenge,019d736f-6330-78c4-91bb-c37e46162244,51d308918feb27fbb402f107b3d5faa5296670a2c8c3a28ccf3a36968ee44595,skipped,rows_limit,61878,93,9,multiclass_classification,IID,target,,,
porto_seguro,019d736f-86ed-700f-96c9-8f4be8546db1,03bf888e0b28f4e16d92f274b4e99ecf5fbc15f8f3af3a1aad267dafa14bf004,skipped,rows_limit,595206,37,2,binary_classification,IID,target,,,ps_car_11_cat
pva_revenue_prediction_kddcup98,019db49b-9c05-72b8-b4a5-7b967a18225b,9b0a27dbc1c11c4539d038de154aab699ca89b773f8835f729a44c113dbfcfda,skipped,rows_limit,144095,477,2,binary_classification,IID,TARGET_B,,OSOURCE;STATE;ZIP;RFA_2;RFA_3;RFA_4;RFA_5;RFA_6;RFA_7;RFA_8;RFA_9;RFA_10;RFA_11;RFA_12;RFA_13;RFA_14;RFA_15;RFA_16;RFA_17;RFA_18;RFA_19;RFA_20;RFA_21;RFA_22;RFA_23;RFA_24;Title,
qsar_aquatic_toxicity,019d7370-0517-71a1-9e18-dc2a826fa01a,7aa0bd532437d66e033f2c80b9a4ee6d007be8fe9c18bc4517f12017020d3fd2,skipped,not_classification,546,8,515,regression,IID,LC50,,,
regensburg_pediatric_appendicitis,019d7370-1dc6-7c1e-8ff1-80ddeb4c4207,139d21e3dccd19a93ffc07a7b84453091c51582b6a329a6946a2fb9aada32b7b,skipped,raw_features_limit,763,51,2,binary_classification,IID,Severity,,Abscess_Location;Lymph_Nodes_Location;Gynecological_Findings,
santander_customer_satisfaction,019d7370-56f7-7b35-ba45-c77b1e3c531b,317633aabf61b5d892bdfa8323ddf37042e80246157d130d9ba03d17beeb6aef,skipped,rows_limit,71080,307,2,binary_classification,IID,TARGET,,,
santander_customer_transaction_prediction,019d7373-33b4-7002-948b-c14d1fffe341,b82451ead220a68c1abaedc75752ffbe15f4402de2b021bc5ab9165ed16a820a,skipped,rows_limit,200000,600,2,binary_classification,IID,target,,,
santander_transaction_value,019d7373-d139-7c8f-be3e-579006c05fad,3e23ebbc4da1ea1eb560ed71d817c58409b79ed455963ebdfa5504418122650a,skipped,not_classification,4447,540,1413,regression,IID,target,,,
sepsis_survival_minimal_clinical_records,019d7373-e475-7208-bd58-accca4615b01,f4abaf8649528d293b128b1f947bf1b86bbf80308fd46ca36813fe82542307d9,skipped,rows_limit,110204,3,2,binary_classification,IID,sepsis_outcome_after9pt5_days_in_hospital,,,
south_africa_coronary_heart_disease,019d7373-f750-7ecd-8cda-f16d5d36be62,f930a9d8ada325645c1f896f08b05b562e0083989c250c1ab2ca983eac4426a5,eligible,,462,9,2,binary_classification,IID,chd,,,
student_portuguese_performance,019d7374-09f4-79ea-a27f-1ad571967f90,48d84daeb781f6d4442204ba190e991f4b3de17603d900dd54700e4a4f457402,skipped,not_classification,649,30,17,regression,IID,G3,,,
thyroid_discordant,019d7374-1c19-79e6-986d-2afd2c16101e,c0e37f1c59e2b4cd11b5d0fbdd7e4221c8ea66f507b22094783ebb4bd3fa5be8,eligible,,3711,26,2,binary_classification,IID,discordant,,,
tour_travels_churn,019d7374-2df2-7b85-94a6-3ec9d1796737,7726bf53e96d419ba88d5fbecf141343844954aea329f2e233e035c8cc9182bd,eligible,,954,6,2,binary_classification,IID,Target,,,
wids_diabetes_mellitus,019d7374-50ba-7416-9d10-a526040930ee,19a3fe422f6806fedbf20031c027570bb7152b818a35d523458631c1652c094a,skipped,rows_limit,127358,181,2,binary_classification,IID,diabetes_mellitus,,apache_2_diagnosis;apache_3j_diagnosis,hospital_id;icu_id
wine_world_cost,019d7374-6961-7fb3-9ca1-2e20e35fbbb0,8b209618bc753b077bf5d67a52fcdf6c2c75801f7c41d595790e33dfe8e837ed,skipped,not_classification,1279,14,119,regression,IID,Price,,Title;Description;Grape;Secondary Grape Varieties;Country;Characteristics;Region;Appellation,
iranian_churn,019d7374-7b3c-7eed-940f-e8ac3c68e2f4,57294dab2ff99b04e9dbc674e0b0cc20553264650309a14635c97f3b63e26170,eligible,,2850,13,2,binary_classification,IID,Churn,,,
obesity_estimation,019d7374-8d75-752a-aca4-1f311044d316,2428fbe6980afb980bb27d9cc9c736924eb46884f77b9edf2440289b04d69d26,skipped,not_classification,498,14,392,regression,IID,BodyMass,,,
immoscout_german_house_prices,019d7374-a0e4-7646-b11b-f762fe9b693b,ee9850523660b447e3384523a89c4f4a2845a26c56b1588b17c123ab4f20bd66,skipped,not_classification,10317,23,1407,regression,IID,LogPrice,,Energy_source;State;City;Place,
biogeographical_ancestry_prediction,019d7374-b899-714c-9372-37a48f580b0f,4c4d7180bfb7652fd2f5bf4143b5f30b5112041e35a3faa649133ca8b6cb6e15,skipped,raw_features_limit,635,104,10,multiclass_classification,IID,Population,,,
homeq_default_prediction,019d7374-cab8-700e-97f3-9c55ea980153,9fa55d3d8617da0ad8a88959ce7071d6bfdef5a46f6fd17f3cb0b5da3dc8c2da,eligible,,5708,12,2,binary_classification,IID,DefaultStatus,,,
lung_cancer,019d7375-0c48-7822-8f4e-5e071cbcabe5,01f890ea306a230abaa7e5455eb76b40892a29f7f103d70a43f3de89e54005da,skipped,raw_features_limit,197,12600,4,multiclass_classification,IID,CancerType,,,
clock_protein_toxicity,019d7375-2841-7bfb-a6da-5adfdcd43d98,0cc65bcd4ed44dab022e25855fe391ded0a33b0d6f43219afe4bdd4ed4023cbf,skipped,raw_features_limit,171,1117,2,binary_classification,IID,Toxic,,,
prostate_cancer_detection,019d7375-de7b-7b43-8340-ea47165661d3,2a039606a7d4c025f2becb58dfe6be43407eed4c65cfcc174764d7e9722148f1,skipped,raw_features_limit,322,15154,2,binary_classification,IID,ProstateCancer,,,
lung_cancer_epithelial_genexp,019d7376-82a5-76cc-b1ce-92dc200f3173,266c0239fba1fe812901a9b98c38c4f28f41289a6bb40628bf80334ebdc0b4be,skipped,raw_features_limit,187,22215,2,binary_classification,IID,DiagnosedCancer,,,
acquire_valued_shoppers_challenge,019d7376-a3c5-7df7-88c0-ba4e87c3dfa0,23db1b06cfce465eae80a7b0b0a9ab5dd0b621b0bae1de3d4dc68585462c089f,skipped,rows_limit,160057,111,2,binary_classification,Temporal,target,,,
climate_model_weather_forecasting_1m,019d7379-7906-707e-95e9-f479afb2e2c1,cfc7edf2b455ca1a3f9a7e0fb18ee03699566b9e05805f34411ac6fac6dd749e,skipped,not_classification,1250000,100,309,regression,Temporal,fact_temperature,,,fact_station_id
cooking_time_1m,019d737d-b4b1-7c24-8930-70a2c242b3f9,88662edc4c7e633f0965a804b73c8dc2f97de472ba74cd95ef5644a9783459f1,skipped,not_classification,1250000,196,5337,regression,Temporal,cooking_time_minutes,,,cat_0;cat_1;cat_2;cat_3;cat_5
delivery_eta_1m,019d7382-df54-7dd3-8198-0567d7499858,11986129b6b2c9391c24aa0d75db077a0d96b4cfa8cd2bf55dfd41937814869f,skipped,not_classification,1250000,225,3134,regression,Temporal,delivery_eta_minutes,,,cat_0;cat_1
home_credit_default_stability_1m,019d7383-f45a-72f7-ac99-09447cf6d41f,e22dbcd0637f8add6fd8ce24af20f57b47aba28f78aa7c0db53d00f97a91509a,skipped,rows_limit,1224927,711,2,binary_classification,Temporal,target,,,lastapprcommoditytypec_5251766M;lastrejectcommodtypec_5251769M;previouscontdistrict_112M;last_district_544M;first_district_544M;last_profession_152M;first_profession_152M;first_classificationofcontr_400M;first_contractst_964M;last_financialinstitution_382M;first_financialinstitution_382M;first_financialinstitution_591M;last_contaddr_district_15M;first_contaddr_district_15M;last_contaddr_zipcode_807M;first_contaddr_zipcode_807M;first_empladdr_district_926M;first_empladdr_zipcode_114M;last_registaddr_district_1083M;first_registaddr_district_1083M;last_registaddr_zipcode_184M;first_registaddr_zipcode_184M
kick,019d744f-147d-721e-affc-94b58645c0ad,32c0e79121c7895975fd302fd0bd53e575e8fe64c9bffaf5848d3776de09b56a,skipped,rows_limit,72983,32,2,binary_classification,Temporal,IsBadBuy,,,Model;Trim;SubModel;VNZIP1
mercedes_benz_greener_manufacturing,019d7384-bae5-71ab-ab7c-361f23e277dc,e5182cc8987ef56e72653c22b17799d67006a90f501ec4a691314e564ae0c675,skipped,not_classification,4204,371,2542,regression,Temporal,y,,,
sberbank_housing_market_forecasting,019d9279-a91a-73ac-a221-72a6aab17df0,cf1b8ef2704c333b29cd7009be40f1fb2eb26d6b35ba242c712b7e29004cf21e,skipped,not_classification,27195,386,12473,regression,Temporal,price_doc,,,sub_area;ID_railroad_station_walk;ID_railroad_station_avto
maps_router_eta_1m,019d7407-606f-7147-b041-c7d0a3847c71,5024e027ae8005277d92b3358f3af7c8c9a7c703577a50df8ad1557fc994f5f9,skipped,not_classification,1250000,988,1006779,regression,Temporal,target_log_spkm,,,
hotel_booking_demand,019db498-7402-74ea-a334-69938355ae2c,8c003b8e178e2148fc48e1548726a8013d124ef7a416aa8ee2ac7bf9e6fa15b8,skipped,rows_limit,81418,31,2,binary_classification,Temporal,IsCanceled,,,Country;Agent;Company
ghanas_indigenous_intel,019dd375-4259-77c1-a177-5acc1f4d0134,e34dda941072eae24f6824ecfc336e41d36d40acf61cc95d68b5671643803698,skipped,rows_limit,10928,10,4,multiclass_classification,Temporal,rainfall,,,
ieee_fraud_detection,019db516-2f8e-7e50-a8c4-f1c57754f52c,9359a6e31714b967375681454a3b11a42ac9b2df92c01bf5b2e2890c83f26ad7,skipped,rows_limit,590540,435,2,binary_classification,Temporal,isFraud,,,card1;card2;card3;card5;addr1;id_17;id_19;id_20;id_21;id_25;id_31;id_33;DeviceInfo;uid
anes_voting_2026,019db4ba-6124-7a56-a0b5-9df8811adc2f,3c07592c8bbdec0302829a17908eb0d679d1ab22a1fd44f28a1c20ece604f850,skipped,rows_limit,48587,318,2,binary_classification,Temporal,VCF0702,,,VCF0132;VCF0152;VCF0170d;VCF0375a;VCF0376a;VCF0377a;VCF0378a;VCF0379a;VCF0381a;VCF0382a;VCF0383a;VCF0384a;VCF0385a;VCF0387a;VCF0388a;VCF0389a;VCF0390a;VCF0393a;VCF0394a;VCF0395a;VCF0396a;VCF0397a;VCF0476a;VCF0477a;VCF0478a;VCF0479a;VCF0480a;VCF0482a;VCF0483a;VCF0484a;VCF0485a;VCF0486a;VCF0488a;VCF0489a;VCF0490a;VCF0491a;VCF0492a;VCF0494a;VCF0495a;VCF0496a;VCF0497a;VCF0498a
rossmann_store_sales,019db4fb-6d9e-7c15-b8cb-1bf97ea88782,d4cb7b42e136c401cab8c412411a88ea0ae75c004e389c42c1dd5d248650d6ad,skipped,not_classification,844392,15,21734,regression,Temporal,Sales,,,Store
garments_worker_productivity,019db501-f4c4-7de2-b626-fcb769c7d82e,3b69fc3f2f8b9b2d04a1eda05ce7d6cf4ae25e3771a92b268df3e56512fa8036,skipped,not_classification,1197,15,879,regression,Temporal,actual_productivity,,,
california_house_prices_2020,019d7388-c562-72b3-a533-5f588dc737c9,d54afbade2653fc0112fc20d145c18cfc4b0c7fcbe35b3724f4b4199e9d21ce1,skipped,not_classification,41528,41,5311,regression,Temporal,Sold Price,,Address;Summary;Type;Heating;Cooling;Parking;Region;Elementary School;Middle School;High School;Flooring;Heating features;Cooling features;Appliances included;Laundry features;Parking features;City;Zip;Bedrooms_description,
coffee_rating_prediction,019d7388-dffd-7bc4-ab3d-40bf6581786e,7d33fabb6ec9218a1e7673d3e12b1e354b6ff4bfa00652adc985774b3b333f68,skipped,not_classification,2369,12,17,regression,Temporal,rating,,roaster;name;location;origin;desc_1;desc_3,
consumer_complaints_1m,019d738b-4c6e-751f-972a-5f63b1508f70,2c4cc1f5d8f393044837e22ea162edbb4521a2978f59d43fbc8b8065f1c769b3,skipped,rows_limit,1226140,12,3,multiclass_classification,Temporal,Company response to consumer,,Consumer complaint narrative;Company;ZIP code,Sub-issue
lending_club_1m,019d738c-5edd-7437-9116-e3bc87a8b0c5,06f9fc718adc934315adcc4b11028303dd3aabebc146098751b67e664a637cba,skipped,rows_limit,1064751,96,2,binary_classification,Temporal,Default,,addr_state;zip_code;title;desc;emp_title,
kickstarter,019db497-6b35-71e0-9c6b-f4a7286f8f6f,d9855ae819c8421760dd15ce23d80a2099e7f6b9c2949ec8151e0823b472d906,skipped,rows_limit,187118,15,2,binary_classification,Temporal,state,,blurb;name;profile_blurb;creator_name;location_displayable_name,main_category
sf_permit_time,019d738d-80c6-71a6-99f0-e3e0955ce2d0,81ac8646da8454f253e68d6b6b671fcc34514130134a8e0ef593df8966f5ed38,skipped,not_classification,116954,37,113861,regression,Temporal,DaysToIssue,,Block;Lot;Street Number;Street Number Suffix;Street Name;Street Suffix;Unit;Unit Suffix;Description;Existing Use;Proposed Use;Existing Occupancy;Proposed Occupancy;Zipcode,TIDF Compliance
mice_protein_trisomy_discriminant,019d738d-99a8-7850-b911-f244ac4ad485,fd907fe6c0b90ede1cec0802ea3c8707c4e254e5b9e1280d5b8bccbaa558dcc8,skipped,raw_features_limit,1080,77,8,multiclass_classification,Grouped,class,MouseID,,
musk,019d738d-ae72-7a0a-a2e4-6b797ab153fd,db6f469c26f5de39d6b459864d07012947616223e81699b9fb4e2c3b4f30ad8c,skipped,raw_features_limit,6598,167,2,binary_classification,Grouped,class,molecule_name,,
micro_mass,019d738d-c82e-796a-9343-e30919f324d5,47d1ead77181c55f1919e1e119c909bfd578a848b9af560da1a4a343c278b9d1,skipped,raw_features_limit,571,1083,20,multiclass_classification,Grouped,Species,Strain,,
parkinsons_biomedical_voice_measurements,019d738d-db39-7b5b-83dc-664e66da1854,9a2a2addf01b47887cb1433ba961e1ff0da328c45f654c78c97c212dc90e7d22,eligible,,195,24,2,binary_classification,Grouped,status,patient_id,,
amex_non_iid_1m,019d7455-0e4e-7261-9842-93177684d486,49e8b260788f6d600a0bca5152ed28f2fa988f3e25e1b6c17b8934699647c367,skipped,rows_limit,1249605,190,2,binary_classification,Grouped,target,customer_ID,,
pancreatic_cancer_mouse_detection,019d7391-358e-725a-bc70-bbee346e9267,e0d5ce52681469f36705f32452c5d3910ae552785da26955207880b62b76b72c,skipped,raw_features_limit,181,6772,2,binary_classification,Grouped,HasCancer,mouse_id,,
early_learning_predictors,019db4ff-b5e9-7b27-80b1-8cf2ca025d20,6adff8e295c9eb108d3660abf199b31ed0bdeb7da99d18551cdea81b3020fda8,skipped,not_classification,18874,744,8621,regression,Grouped,child_total_elom,id_facility,,child_languages;mn_best;count_register_gender;count_register_gender_female;count_register_gender_male;count_register_race_african;obs_area;obs_materials;pri_amount_funding_dsd;pri_amount_funding_fees;pri_capacity;pri_expense_admin;pri_expense_food;pri_expense_maintenance;pri_expense_materials;pri_expense_staff;pri_fees_exceptions_other;teacher_duration
5g_energy_consumption,019db4c5-d45f-7c07-80c9-bdd75ea01338,3441cb2bcded76dbcb80bd5e03b8ddbac5916dd0b25a114f7f305b7935676368,skipped,not_classification,92629,21,612,regression,Grouped,Energy,BS,,
telemonitoring_parkinsons_biomedical_voice_measurements,019d7391-4b65-7d0e-a950-684a098c3df9,85d9d63a40e8c8fb0d1cf533417087ec9f80f4ef3aa2e68d8465f838bd7a4702,skipped,not_classification,502,20,132,regression,Grouped,total_UPDRS,subject#,,
dementia_prediction,019d7391-61e5-7cca-9a66-e85718233be9,7881608b9ceed674ce7f77c02cb06bd05d9ac29c28361dbecff227c1d1d422b4,eligible,,370,9,3,multiclass_classification,Grouped,CDR,Subject ID,,
covertype,019d7391-8e33-757b-b38a-79ec188fa001,81dbb065a50af4bb277732f8ec6c4cc99501e1a2ceefcc1b25d00f31740eacfb,skipped,rows_limit,512625,14,3,multiclass_classification,Grouped,Cover_Type,Wilderness_Area,,
sepsis_prediction_1m,019d7391-f36e-72f8-89d7-f7ca71725034,0b64ead77993a69747be5c9ca6c8630a49b6749e5fa2be21b8051de9a44b58bd,skipped,rows_limit,1228686,43,2,binary_classification,Grouped,SepsisLabel,Patient_ID,,
cardiotocography,019d7392-12c2-7a87-991c-13a7246555d4,96c5ce5e85e0079f62b22ae73af78e0d656cae8516f3219761e3ae3152bd3ce8,eligible,,2126,23,3,multiclass_classification,Grouped,NSP,patient_id,,
sat11_hand_algo_runtime,019d7392-268a-7998-a20d-29e9a2236dcd,3ae9a4fbab6b2e9da82f00ce900951fabb922336ba4da9c7b2822b7a22f860d2,skipped,not_classification,2960,170,1046,regression,Grouped,runtime,instance_id,,
asp_potassco_classification,019d73ec-935f-7f88-8a82-af3ad2f44e9f,ebe0604c8cd04626d9b613e49a1b747f22dfa9a571bc90f5361a4793c3c3471e,skipped,raw_features_limit,1212,137,11,multiclass_classification,Grouped,algorithm,task_id,,
video_transcoding_time_prediction,019d7392-553f-7bb2-b0f4-0d80ea446f63,9da129db073cd06a4c04f7e43797329fca0a988c9db0e5c46b1097010172b146,skipped,not_classification,68784,19,10960,regression,Grouped,log_transcoding_time,video_id,,
video_game_fps_prediction,019d7392-6ce5-72bc-b598-193597825a66,e02742e2cd23ff6a182eaa6117ae70d6995ced50c9755d09a13a9eda042907e7,skipped,not_classification,12288,39,8795,regression,Grouped,log_fps_ratio,HardwareConfigId,,
electric_motor_temperature_prediction,019d7392-e21f-7e60-9efb-2141c3513fd9,b795377eb5332289d5c81588eb471e395fa6960f67815bb9d6e15200db118979,skipped,not_classification,1296316,110,1282892,regression,Grouped,permanent_magnet_temperature,profile_id,,
